Title,Category,Date,URL
Cricket,Sports,,https://www.thedailystar.net/sports/cricket
Football,Sports,,https://www.thedailystar.net/sports/football
Tennis,More Sports,,https://www.thedailystar.net/sports/more-sports/tennis
More Sports,Sports,,https://www.thedailystar.net/sports/more-sports
Arsenal agree to sign Villa defender Konsa,Football,,https://www.thedailystar.net/sports/football/news/arsenal-agree-sign-villa-defender-konsa-4251801
Senior FIFA official withdraws support from embattled Infantino,Football,,https://www.thedailystar.net/sports/football/news/senior-fifa-official-withdraws-support-embattled-infantino-4251756
Playing at Real Madrid 'not for everyone': Bernardo Silva,Football,,https://www.thedailystar.net/sports/football/news/playing-real-madrid-not-everyone-bernardo-silva-4251741
Villa bolster squad with arrivals of Suzuki and Ruggeri,Football,,https://www.thedailystar.net/sports/football/news/villa-bolster-squad-arrivals-suzuki-and-ruggeri-4251606
Kyrgios admits 'huge mistake' after failing test for cocaine,Tennis,,https://www.thedailystar.net/sports/more-sports/tennis/news/kyrgios-admits-huge-mistake-after-failing-test-cocaine-4251571
Renshaw call-up signals Australia’s desperation,Cricket,,https://www.thedailystar.net/sports/cricket/news/renshaw-call-signals-australias-desperation-4250926
"ICC rankings / Hasan up 26 places, Shanto into top 20 after Bangladesh’s sensational Darwin Test win",Cricket,,https://www.thedailystar.net/sports/cricket/news/hasan-26-places-shanto-top-20-after-bangladeshs-sensational-test-win-4251496
"Free of FIFA ban, Abahani into a rough rebuild",Football,,https://www.thedailystar.net/sports/football/news/free-fifa-ban-abahani-rough-rebuild-4250936
Suthar shines as India crush Sri Lanka in 600th Test,Cricket,,https://www.thedailystar.net/sports/cricket/news/suthar-shines-india-crush-sri-lanka-600th-test-4251486
"Australia will go all in to ‘demolish’ Bangladesh in Mackay, warns Donald",Cricket,,https://www.thedailystar.net/sports/cricket/news/australia-will-go-all-demolish-bangladesh-mackay-warns-donald-4251471
Hockey league to return with first division,More Sports,,https://www.thedailystar.net/sports/more-sports/news/hockey-league-return-first-division-4251346
‘We were comparing it to Argentina’s World Cup games’: Simmons on Bangladesh’s Australia Test triumph,Cricket,,https://www.thedailystar.net/sports/cricket/news/we-were-comparing-it-argentinas-world-cup-games-simmons-bangladeshs-australia-test-triumph-4251456
"Senegal name former France, Arsenal midfield general Vieira as coach",Football,,https://www.thedailystar.net/sports/football/news/senegal-name-former-france-arsenal-midfield-general-vieira-coach-4251431
'I'm always ready': Shoriful eyes Mackay return for series win,Cricket,,https://www.thedailystar.net/sports/cricket/news/im-always-ready-shoriful-eyes-mackay-return-series-win-4251411
Naim points to 'strong pipeline' as Bangladesh A team depart for South Africa,Cricket,,https://www.thedailystar.net/sports/cricket/news/naim-points-strong-pipeline-team-depart-south-africa-4251071
Indian umpire in ICU after ball hits him in the face,Cricket,,https://www.thedailystar.net/sports/cricket/news/indian-umpire-icu-after-ball-hits-him-the-face-4250916
Root adamant England don't need 'huge change' to Bazball style,Cricket,,https://www.thedailystar.net/sports/cricket/news/root-adamant-england-dont-need-huge-change-bazball-style-4250901
'Should have been us’: Tigers’ historic win reopens England’s Ashes wounds,Cricket,,https://www.thedailystar.net/sports/cricket/news/should-have-been-us-tigers-historic-win-reopens-englands-ashes-wounds-4250871
India close in on victory in first Test against Sri Lanka,Cricket,,https://www.thedailystar.net/sports/cricket/news/india-close-victory-first-test-against-sri-lanka-4250846
Pakistan captain Babar Azam out of first Test against England,Cricket,,https://www.thedailystar.net/sports/cricket/news/pakistan-captain-babar-azam-out-first-test-against-england-4250796
Rishabh Pant fastest to 100 Test sixes,Cricket,,https://www.thedailystar.net/sports/cricket/news/rishabh-pant-fastest-100-test-sixes-4250681
"David Warner convicted, fined for drink-driving",Cricket,,https://www.thedailystar.net/sports/cricket/news/david-warner-convicted-fined-drink-driving-4250571
"Weatherald axed, Renshaw recalled after Bangladesh rout forces Australia change",Cricket,,https://www.thedailystar.net/sports/cricket/news/weatherald-axed-renshaw-recalled-after-bangladesh-rout-forces-australia-change-4250461
"Sell-out opening day, Darwin shock set stage for Mackay’s first-ever Test",Cricket,,https://www.thedailystar.net/sports/cricket/news/sell-out-opening-day-darwin-shock-set-stage-mackays-first-ever-test-4250451
Musiala diagnosed with neurological disorder,Football,,https://www.thedailystar.net/sports/football/news/musiala-diagnosed-neurological-disorder-4251381
"Messi 'at peace', says Inter Miami coach",Football,,https://www.thedailystar.net/sports/football/news/messi-peace-says-inter-miami-coach-4251336
Bayern's Musiala suffers second on-field collapse in three days,Football,,https://www.thedailystar.net/sports/football/news/bayerns-musiala-suffers-second-field-collapse-three-days-4251251
Premier League chief says Infantino hit 'self-destruct' with World Cup plan,Football,,https://www.thedailystar.net/sports/football/news/premier-league-chief-says-infantino-hit-self-destruct-world-cup-plan-4251166
Bezos consortium bought nearly 40 percent of Liverpool: report,Football,,https://www.thedailystar.net/sports/football/news/bezos-consortium-bought-nearly-40-percent-liverpool-report-4251141
Rodri joins LaLiga champions Barcelona from Manchester City,Football,,https://www.thedailystar.net/sports/football/news/rodri-joins-la-liga-champions-barcelona-manchester-city-4251096
Racist abuse spurred Suzuki as Japan goalkeeper set for Premier League,Football,,https://www.thedailystar.net/sports/football/news/racist-abuse-spurred-suzuki-japan-goalkeeper-set-premier-league-4250931
Mohammedan appoint Argentine-Spanish coach,Football,,https://www.thedailystar.net/sports/football/news/mohammedan-appoint-argentine-spanish-coach-4250821
Simeone to bench Alvarez in Atletico's LaLiga opener amid transfer standoff,Football,,https://www.thedailystar.net/sports/football/news/simeone-bench-alvarez-atleticos-laliga-opener-amid-transfer-standoff-4250781
Bangladesh forward suspended for 15 matches over Maldives fight,Football,,https://www.thedailystar.net/sports/football/news/bangladesh-forward-suspended-15-matches-over-maldives-fight-4250651
Rift deepens as Asia football chief hits back at Qatar in Infantino saga,Football,,https://www.thedailystar.net/sports/football/news/rift-deepens-asia-football-chief-hits-back-qatar-infantino-saga-4250591
"Liverpool's new-look defence will take time to gel, says Van Dijk",Football,,https://www.thedailystar.net/sports/football/news/liverpools-new-look-defence-will-take-time-gel-says-van-dijk-4250491
"Abahani finally free of FIFA ban, season back on track",Football,,https://www.thedailystar.net/sports/football/news/abahani-finally-free-fifa-ban-season-back-track-4250471
Ritu Porna's Ayeyawady make winning AFC debut,Football,,https://www.thedailystar.net/sports/football/news/ritu-pornas-ayeyawady-make-winning-afc-debut-4250456
Infantino critic Lamour's warning comes true as he leaves FIFA's third-highest post,Football,,https://www.thedailystar.net/sports/football/news/infantino-critic-lamours-warning-comes-true-he-leaves-fifas-third-highest-post-4250431
Rodri arrives at Barcelona to complete 'dream' move,Football,,https://www.thedailystar.net/sports/football/news/rodri-arrives-barcelona-complete-dream-move-4250426
Swiatek rolls past Rybakina for WTA Toronto title,Tennis,,https://www.thedailystar.net/sports/more-sports/tennis/news/swiatek-rolls-past-rybakina-wta-toronto-title-4247591
No-stress Sabalenka won't fret over lackluster 2026 results,Tennis,No-stress Sabalenka won't fret over lackluster 2026 results,https://www.thedailystar.net/sports/more-sports/tennis/news/no-stress-sabalenka-wont-fret-over-lackluster-2026-results-4246651
Sinner withdraws from Cincinnati Open with injury,Tennis,,https://www.thedailystar.net/sports/more-sports/tennis/news/sinner-withdraws-cincinnati-open-injury-4243811
World number one Sabalenka stunned by Alexandrova at Toronto Masters,Tennis,,https://www.thedailystar.net/sports/more-sports/tennis/news/world-number-one-sabalenka-stunned-alexandrova-toronto-masters-4243431
Will Alcaraz be fit for US Open? Cincinnati withdrawal raises doubts,Tennis,,https://www.thedailystar.net/sports/more-sports/tennis/news/will-alcaraz-be-fit-us-open-cincinnati-withdrawal-raises-doubts-4240606
Alexandra Eala puts Philippines on world tennis map,Tennis,,https://www.thedailystar.net/sports/more-sports/tennis/news/alexandra-eala-puts-philippines-world-tennis-map-4239811
Williams sisters handed doubles wild card for Cincinnati Masters,Tennis,,https://www.thedailystar.net/sports/more-sports/tennis/news/williams-sisters-handed-doubles-wild-card-cincinnati-masters-4239696
Sabalenka aims to bounce back after Wimbledon disappointment,Tennis,,https://www.thedailystar.net/sports/more-sports/tennis/news/sabalenka-aims-bounce-back-after-wimbledon-disappointment-4238906
"Wimbledon draws record 550,151 fans despite FIFA World Cup 2026",Tennis,"Wimbledon draws record 550,151 fans despite FIFA World Cup 2026",https://www.thedailystar.net/sports/more-sports/tennis/news/wimbledon-draws-record-550151-fans-despite-fifa-world-cup-2026-4235486
Djokovic and Sabalenka team up for all-star US Open mixed doubles pairing,Tennis,,https://www.thedailystar.net/sports/more-sports/tennis/news/djokovic-and-sabalenka-team-all-star-us-open-mixed-doubles-pairing-4234591
All aboard as Asian Games preparations enter 'final stages',More Sports,,https://www.thedailystar.net/sports/more-sports/news/all-aboard-asian-games-preparations-enter-final-stages-4250501
Bangladesh must start building athletes before it finds them,More Sports,,https://www.thedailystar.net/sports/more-sports/news/bangladesh-must-start-building-athletes-it-finds-them-4249986
"Govt mulls Tk 1,244cr fixed fund for sports bodies",More Sports,,https://www.thedailystar.net/sports/more-sports/news/govt-mulls-tk-1244cr-fixed-fund-sports-bodies-4249176
"Rafi bags two golds, breaks championship record in Thailand",More Sports,,https://www.thedailystar.net/sports/more-sports/news/rafi-bags-two-golds-breaks-championship-record-thailand-4249166
"Athletics federation bans Jannat, Kabita from women's events after sex tests",More Sports,,https://www.thedailystar.net/sports/more-sports/athletics/news/athletics-federation-bans-jannat-kabita-womens-events-strips-medals-4248336
Robi honours 26 World Cup campaign winners,More Sports,,https://www.thedailystar.net/sports/more-sports/news/robi-honours-26-world-cup-campaign-winners-4245381
Golf ball becomes fish food,More Sports,,https://www.thedailystar.net/sports/more-sports/golf/news/golf-ball-becomes-fish-food-4245081
Executive Cup Golf Tournament 2026 concludes,More Sports,Executive Cup Golf Tournament 2026 concludes,https://www.thedailystar.net/sports/more-sports/golf/news/executive-cup-golf-tournament-2026-concludes-4244236
Eligibility row in female category hits Bangladesh athletics,More Sports,,https://www.thedailystar.net/sports/more-sports/athletics/news/eligibility-row-female-category-hits-bangladesh-athletics-4244121
Quicks strike the right chord in Darwin epic,Cricket,,https://www.thedailystar.net/sports/cricket/news/quicks-strike-the-right-chord-darwin-epic-4250091
'Bangladesh is one of the best': Caniggia on Bangladesh’s Argentina obsession,Football,,https://www.thedailystar.net/sports/football/news/bangladesh-one-the-best-caniggia-bangladeshs-argentina-obsession-4250341
Bouaddi frontrunner to replace Rodri at Man City,Football,,https://www.thedailystar.net/sports/football/news/bouaddi-frontrunner-replace-rodri-man-city-4250321
Domestic season start uncertain despite BFF assurance,Football,,https://www.thedailystar.net/sports/football/news/domestic-season-start-uncertain-despite-bff-assurance-4250071
Neymar first player forced off under new time-wasting rule,Football,,https://www.thedailystar.net/sports/football/news/neymar-first-player-forced-under-new-time-wasting-rule-4250051
"Sarmin replaces Nehar in Bangladesh squads for Asia Cup, Asian Games",Cricket,,https://www.thedailystar.net/sports/cricket/news/sarmin-replaces-nehar-bangladesh-squads-asia-cup-asian-games-4250026
Donald hails Bangladesh’s pace revolution after Australia triumph,Cricket,,https://www.thedailystar.net/sports/cricket/news/donald-hails-bangladeshs-pace-revolution-after-australia-triumph-4250011
From 2019 turmoil to Darwin triumph: Bangladesh’s long-term reforms paid off,Cricket,,https://www.thedailystar.net/sports/cricket/news/bangladesh-test-cricket-reboot-delivers-style-historic-win-4249996
Rain halts India push after Dinusha century lifts Sri Lanka,Cricket,,https://www.thedailystar.net/sports/cricket/news/rain-halts-india-push-after-dinusha-century-lifts-sri-lanka-4249956
Rajshahi Stars begin continental campaign with 4-0 loss to East Bengal,Football,,https://www.thedailystar.net/sports/football/news/rajshahi-stars-begin-continental-campaign-4-0-loss-east-bengal-4249926
Why are Bangladesh fans ‘upset’ over calling the Darwin Test win an ‘upset’?,Cricket,,https://www.thedailystar.net/sports/cricket/news/why-are-bangladesh-fans-upset-over-calling-the-darwin-test-win-upset-4249806
McDonald admits Australia 'let standards slip' in Darwin defeat,Cricket,,https://www.thedailystar.net/sports/cricket/news/mcdonald-admits-australia-let-standards-slip-darwin-defeat-4249741
‘You just bat’: Litton gives Smith a taste of Tigers' fight,Cricket,,https://www.thedailystar.net/sports/cricket/news/you-just-bat-litton-gives-smith-taste-tigers-fight-4249736
‘Aussies mauled’: Australian media tears into shock defeat to Tigers,Cricket,,https://www.thedailystar.net/sports/cricket/news/aussies-mauled-australian-media-tears-shock-defeat-tigers-4249721
Who replaces Rodri at Man City?,Football,,https://www.thedailystar.net/sports/football/news/who-replaces-rodri-man-city-4249701
"‘We didn’t get respect in 2003, but now everyone is respecting us’",Cricket,,https://www.thedailystar.net/sports/cricket/news/we-didnt-get-respect-2003-now-everyone-respecting-us-4249686
Australia face potential WTC point deduction and fine for slow over rate,Cricket,,https://www.thedailystar.net/sports/cricket/news/australia-face-potential-wtc-point-deduction-and-fine-slow-over-rate-4249636
PSG beaten by Lens in French Champions’ Trophy,Football,,https://www.thedailystar.net/sports/football/news/psg-beaten-lens-french-champions-trophy-4249621
Cameroon beat fairytale finalists Malawi to win women's AFCON,Football,,https://www.thedailystar.net/sports/football/news/cameroon-beat-fairytale-finalists-malawi-win-womens-afcon-4249616
Axe hangs over Australian batters after Darwin 'disaster',Cricket,,https://www.thedailystar.net/sports/cricket/news/axe-hangs-over-australian-batters-after-darwin-disaster-4249591
Darwinian evolution: How Tigers are reshaping their Test identity,Cricket,,https://www.thedailystar.net/sports/cricket/news/darwinian-evolution-how-tigers-are-reshaping-their-test-identity-4249226
Miraz rises when the stakes are high,Cricket,,https://www.thedailystar.net/sports/cricket/news/miraz-rises-when-the-stakes-are-high-4249486
Misery for Maresca as Man City make dismal start to life after Guardiola,Football,,https://www.thedailystar.net/sports/football/news/misery-maresca-man-city-make-dismal-start-life-after-guardiola-4249511
Darwin domination: The numbers behind Bangladesh’s historic win,Cricket,,https://www.thedailystar.net/sports/cricket/news/darwin-domination-the-numbers-behind-bangladeshs-historic-win-4249506
Barcelona reach deal with Man City to sign Rodri,Football,,https://www.thedailystar.net/sports/football/news/barcelona-reach-deal-man-city-sign-rodri-4249496
A dream Test 23 years in the making,Cricket,,https://www.thedailystar.net/sports/cricket/news/dream-test-23-years-the-making-4249216
Odegaard says Arsenal 'want to win everything' after Community Shield success,Football,,https://www.thedailystar.net/sports/football/news/odegaard-says-arsenal-want-win-everything-after-community-shield-success-4249481
‘You will rarely find a team like this’,Cricket,,https://www.thedailystar.net/sports/cricket/news/you-will-rarely-find-team-4249476
Historic win lifts Tigers’ WTC hopes,Cricket,,https://www.thedailystar.net/sports/cricket/news/historic-win-lifts-tigers-wtc-hopes-4249221
Arsenal rout Man City in Community Shield masterclass,Football,,https://www.thedailystar.net/sports/football/news/arsenal-rout-man-city-community-shield-masterclass-4249236
"Ronaldo hints at retirement, says upcoming year could be his last",Football,,https://www.thedailystar.net/sports/football/news/ronaldo-hints-retirement-says-upcoming-year-could-be-his-last-4249211
Bangladesh’s big statement amid the consistency question,Cricket,,https://www.thedailystar.net/sports/cricket/news/bangladeshs-big-statement-amid-the-consistency-question-4249206
India's Padikkal steals the show with 167 in first Sri Lanka Test,Cricket,,https://www.thedailystar.net/sports/cricket/news/indias-padikkal-steals-the-show-167-first-sri-lanka-test-4249191
Bangladesh to take part in U-15 World Cup Festival,Football,,https://www.thedailystar.net/sports/football/news/bangladesh-take-part-u-15-world-cup-festival-4249136
"‘Credit goes 1,000 percent to the team’: Bangladesh celebrates historic Test win in Australia",Cricket,,https://www.thedailystar.net/sports/cricket/news/credit-goes-1000-percent-the-team-bangladesh-celebrates-historic-test-win-australia-4249086
Why Darwin is Bangladesh’s greatest Test victory,Cricket,,https://www.thedailystar.net/sports/cricket/news/why-darwin-bangladeshs-greatest-test-victory-4248991
"Wish you were here, Hookesy",Cricket,,https://www.thedailystar.net/sports/cricket/news/wish-you-were-here-hookesy-4248986
Shanto credits whole Bangladesh team for ‘biggest victory’,Cricket,,https://www.thedailystar.net/sports/cricket/news/shanto-credits-whole-bangladesh-team-biggest-victory-4248951
‘We were outplayed’: Smith gives Bangladesh full credit,Cricket,,https://www.thedailystar.net/sports/cricket/news/we-were-outplayed-smith-gives-bangladesh-full-credit-4248946
‘I will never forget this match’: Miraz savours historic Australia win,Cricket,,https://www.thedailystar.net/sports/cricket/news/i-will-never-forget-match-miraz-savours-historic-australia-win-4248926
'They outplayed us in all facets': Cummins admits after Darwin defeat,Cricket,,https://www.thedailystar.net/sports/cricket/news/they-outplayed-us-all-facets-cummins-admits-after-darwin-defeat-4248911
Tigers conquer Australia: Where Bangladesh are ahead of other Asian teams,Cricket,,https://www.thedailystar.net/sports/cricket/news/tigers-conquer-australia-where-bangladesh-are-ahead-other-asian-teams-4248896
PM congratulates Tigers on historic Test win in Australia,Cricket,,https://www.thedailystar.net/sports/cricket/news/pm-congratulates-tigers-historic-test-win-australia-4248881
'Biggest upset I can remember in Australia': Mark Waugh hails Bangladesh win,Cricket,,https://www.thedailystar.net/sports/cricket/news/biggest-upset-i-can-remember-australia-mark-waugh-hails-bangladesh-win-4248871
List of Bangladesh's landmark Test victories,Cricket,,https://www.thedailystar.net/sports/cricket/news/list-bangladeshs-landmark-test-victories-4248866
‘We believed we could do it’: Hasan reveals Tigers’ mindset in Darwin,Cricket,,https://www.thedailystar.net/sports/cricket/news/we-believed-we-could-do-it-hasan-reveals-tigers-mindset-darwin-4248851
How Tigers turned a 23-year wait into a historic Test victory,Cricket,,https://www.thedailystar.net/sports/cricket/news/how-tigers-turned-23-year-wait-historic-test-victory-4248846
Messi misses penalty again as Miami suffer third straight defeat,Football,,https://www.thedailystar.net/sports/football/news/messi-misses-penalty-again-miami-suffer-third-straight-defeat-4248831
Man Utd beaten by former boss Amorim's AC Milan in friendly finale,Football,,https://www.thedailystar.net/sports/football/news/man-utd-beaten-former-boss-amorims-ac-milan-friendly-finale-4248811
"Alaves, Sevilla triumph as new LaLiga season begins",Football,,https://www.thedailystar.net/sports/football/news/alaves-sevilla-triumph-new-laliga-season-begins-4248766
"Bangladesh could change cricket forever, again",Cricket,,https://www.thedailystar.net/sports/cricket/news/bangladesh-could-change-cricket-forever-again-4248621
Man Utd beaten by former boss Amorim's AC Milan,Football,,https://www.thedailystar.net/sports/football/news/man-utd-beaten-former-boss-amorims-ac-milan-4248546
Argentina's Enzo Fernandez booed by Chelsea fans,Football,,https://www.thedailystar.net/sports/football/news/argentinas-enzo-fernandez-booed-chelsea-fans-4248431
Healy’s ‘un-Australian’ label fits a bizarre Test for Australia,Cricket,,https://www.thedailystar.net/sports/cricket/news/healys-un-australian-label-fits-bizarre-test-australia-4248386
History within reach in Darwin as Bangladesh corner Australia,Cricket,,https://www.thedailystar.net/sports/cricket/news/history-within-reach-darwin-bangladesh-corner-australia-4248356
Dooley prefers home friendlies over away fixtures ahead of SAFF,Football,,https://www.thedailystar.net/sports/football/news/dooley-prefers-home-friendlies-over-away-fixtures-ahead-saff-4248346
Day 3 in Darwin: Key stats and records,Cricket,,https://www.thedailystar.net/sports/cricket/news/day-3-darwin-key-stats-and-records-4248321
Miraz focused on getting Australia out ‘as soon as possible’,Cricket,,https://www.thedailystar.net/sports/cricket/news/miraz-focused-getting-australia-out-soon-possible-4248316
India’s Padikkal marks comeback with unbeaten ton in landmark Sri Lanka Test,Cricket,,https://www.thedailystar.net/sports/cricket/news/indias-padikkal-marks-comeback-unbeaten-ton-landmark-sri-lanka-test-4248291
Spain's World Cup hero Torres joins PSG from Barcelona,Football,,https://www.thedailystar.net/sports/football/news/spains-world-cup-hero-torres-joins-psg-barcelona-4248221
"Shanto ‘focused on process, not result’ despite being on top",Cricket,,https://www.thedailystar.net/sports/cricket/news/shanto-focused-process-not-result-despite-being-top-4248151
Hazlewood sees Bangladesh blueprint for Australia,Cricket,,https://www.thedailystar.net/sports/cricket/news/hazlewood-sees-bangladesh-blueprint-australia-4248126
Patience dictates Tanzid’s rare feat,Cricket,,https://www.thedailystar.net/sports/cricket/news/patience-dictates-tanzids-rare-feat-4248121
Rajshahi Stars target finals on AFC Women's Champions League debut,Football,,https://www.thedailystar.net/sports/football/news/rajshahi-stars-target-finals-afc-womens-champions-league-debut-4248116
"Why Barcelona, Real Madrid are missing LaLiga’s opening weekend",Football,,https://www.thedailystar.net/sports/football/news/why-barcelona-real-madrid-are-missing-laligas-opening-weekend-4248106
LaLiga returns with plenty to watch,Football,,https://www.thedailystar.net/sports/football/news/laliga-returns-plenty-watch-4248011
Arteta tells Arsenal fans not to fret over his future,Football,,https://www.thedailystar.net/sports/football/news/arteta-tells-arsenal-fans-not-fret-over-his-future-4247921
Tigers stay in control as Australia steady late in Darwin,Cricket,,https://www.thedailystar.net/sports/cricket/news/hazlewood-ends-hasan-taijul-resistance-quick-succession-4247961
Euro 2020 winner Ciro Immobile retires at 36,Football,,https://www.thedailystar.net/sports/football/news/euro-2020-winner-ciro-immobile-retires-36-4247911
Gill says 'huge honour' to lead India in 600th Test,Cricket,,https://www.thedailystar.net/sports/cricket/news/gill-says-huge-honour-lead-india-600th-test-4247746
Pakistan captain Babar Azam in injury scare ahead of England opener,Cricket,,https://www.thedailystar.net/sports/cricket/news/pakistan-captain-babar-azam-injury-scare-ahead-england-opener-4247741
Maresca uncertain over Rodri's future at Man City,Football,,https://www.thedailystar.net/sports/football/news/maresca-uncertain-over-rodris-future-man-city-4247736
India's Tata Steel sells Jamshedpur FC for token sum of $1,Football,,https://www.thedailystar.net/sports/football/news/indias-tata-steel-sells-jamshedpur-fc-token-sum-1-4247731
"India out, Bangladesh in for FIFA ASEAN Cup",Football,,https://www.thedailystar.net/sports/football/news/bangladesh-accept-fifa-asean-cup-invitation-4247681
Back-to-back days of dominance for the Tigers: Here are the highlights,Cricket,,https://www.thedailystar.net/sports/cricket/news/back-back-days-dominance-the-tigers-here-are-the-highlights-4247661
'That’s some turnaround': India's Ashwin hails Bangladesh,Cricket,,https://www.thedailystar.net/sports/cricket/news/thats-some-turnaround-indias-ashwin-hails-bangladesh-4247646
The 'khep' question Bangladesh football needs to address,Football,,https://www.thedailystar.net/sports/football/news/the-khep-question-bangladesh-football-needs-address-4247626
‘They’ll be nervous’: Ponting warns Australia as Bangladesh take control,Cricket,,https://www.thedailystar.net/sports/cricket/news/theyll-be-nervous-ponting-warns-australia-bangladesh-take-control-4247611
‘Kept calm and played to the merit of the ball’: How Tanzid made history in Darwin,Cricket,,https://www.thedailystar.net/sports/cricket/news/kept-calm-and-played-the-merit-the-ball-how-tanzid-made-history-darwin-4247601
Sri Lankan coach dies after altercation with young cricketers,Cricket,,https://www.thedailystar.net/sports/cricket/news/sri-lankan-coach-dies-after-altercation-young-cricketers-4247576
Sri Lanka name strong squad for Asia Cup title defence,Cricket,,https://www.thedailystar.net/sports/cricket/news/sri-lanka-name-strong-squad-asia-cup-title-defence-4247561
"New Zealand Football withdraws support for Infantino, urges review",Football,,https://www.thedailystar.net/sports/football/news/new-zealand-football-withdraws-support-infantino-urges-review-4247521
"Miraz, Mahmud show grit as Bangladesh end Day 2 with 153-run lead",Cricket,,https://www.thedailystar.net/sports/cricket/news/mominul-falls-49-after-102-run-stand-tanzid-4247516
Barcelona agree to sell Torres to PSG: media,Football,,https://www.thedailystar.net/sports/football/news/barcelona-agree-sell-torres-psg-media-4247511
‘This was my World Cup’ says Somali ref after UEFA Super Cup,Football,,https://www.thedailystar.net/sports/football/news/was-my-world-cup-says-somali-ref-after-uefa-super-cup-4247436
Fabien Barthez joins Zidane’s new France coaching setup,Football,,https://www.thedailystar.net/sports/football/news/fabien-barthez-joins-zidanes-new-france-coaching-setup-4247431
Hasan shows Tigers have more than express pace,Cricket,,https://www.thedailystar.net/sports/cricket/news/hasan-shows-tigers-have-more-express-pace-4247086
Can the ‘finest day’ turn even finer?,Cricket,,https://www.thedailystar.net/sports/cricket/news/can-the-finest-day-turn-even-finer-4247026
"Mohammedan roll back the years, assemble star-studded squad",Football,,https://www.thedailystar.net/sports/football/news/mohammedan-roll-back-the-years-form-star-studded-squad-4247091
Tigers seize Day 1 honours in Darwin: Here are the highlights,Cricket,,https://www.thedailystar.net/sports/cricket/news/tigers-seize-day-1-honours-darwin-here-are-the-highlights-4247001
Magic Madjo grabs headlines after Villa debut worth waiting for,Football,,https://www.thedailystar.net/sports/football/news/magic-madjo-grabs-headlines-after-villa-debut-worth-waiting-4246986
‘Technology saved me today’: Smith admits nicking Ebadot delivery,Cricket,,https://www.thedailystar.net/sports/cricket/news/technology-saved-me-today-smith-admits-nicking-ebadot-delivery-4246806
Hasan credits partnership bowling for historic six-for,Cricket,,https://www.thedailystar.net/sports/cricket/news/hasan-credits-partnership-bowling-historic-six-4246776
‘One of Bangladesh's finest days in Test cricket’,Cricket,,https://www.thedailystar.net/sports/cricket/news/one-bangladeshs-finest-days-test-cricket-4246751
Hasan keeps it simple as Tigers earn praise for consistency,Cricket,,https://www.thedailystar.net/sports/cricket/news/hasan-keeps-it-simple-tigers-earn-praise-consistency-4246746
Pitch invaders take selfies with Fernandes during Man Utd friendly,Football,,https://www.thedailystar.net/sports/football/news/pitch-invaders-take-selfies-fernandes-during-man-utd-friendly-4246656
Afghanistan post record ODI score as they clinch Ireland series,Cricket,,https://www.thedailystar.net/sports/cricket/news/afghanistan-post-record-odi-score-they-clinch-ireland-series-4246646
Messi returns after father's death but Miami knocked out of Leagues Cup,Football,,https://www.thedailystar.net/sports/football/news/messi-returns-after-fathers-death-miami-knocked-out-leagues-cup-4246611
Tigers take control of Darwin Test after first day,Cricket,,https://www.thedailystar.net/sports/cricket/news/hasan-strikes-twice-remove-both-aussie-openers-4246596
PSG down Aston Villa to retain UEFA Super Cup,Football,,https://www.thedailystar.net/sports/football/news/psg-down-aston-villa-retain-uefa-super-cup-4246591
Xavi named new Netherlands head coach,Football,,https://www.thedailystar.net/sports/football/news/xavi-named-new-netherlands-head-coach-4246521
Parvez’s all-round brilliance gives U-23 side big win over Malaysia,Cricket,,https://www.thedailystar.net/sports/cricket/news/parvezs-all-round-brilliance-gives-u-23-side-big-win-over-malaysia-4246506
Fenerbahce sign striker Lukaku from Napoli,Football,,https://www.thedailystar.net/sports/football/news/fenerbahce-sign-striker-lukaku-napoli-4246491
"BFF extends deadline again for Kings, Abahani",Football,,https://www.thedailystar.net/sports/football/news/bff-extends-deadline-again-kings-abahani-4246486
Bangladesh emerging team crowned joint champions in South Africa tri-series,Cricket,,https://www.thedailystar.net/sports/cricket/news/bangladesh-emerging-team-crowned-joint-champions-south-africa-tri-series-4246476
Tigers’ long wait ends with stern Australia test,Cricket,,https://www.thedailystar.net/sports/cricket/news/tigers-long-wait-ends-stern-australia-test-4246366
No local TV coverage for much-anticipated Australia-Bangladesh Tests,Cricket,,https://www.thedailystar.net/sports/cricket/news/no-local-tv-coverage-much-anticipated-australia-bangladesh-tests-4246221
Dickwella replaces injured Mendis in Sri Lanka’s home Tests against India,Cricket,,https://www.thedailystar.net/sports/cricket/news/dickwella-replaces-injured-mendis-sri-lankas-home-tests-against-india-4246206
Root scraps England curfew for Pakistan Tests,Cricket,,https://www.thedailystar.net/sports/cricket/news/root-scraps-england-curfew-pakistan-tests-4246196
‘A huge hug’: Ronaldo sends grieving Messi a heartfelt message,Football,,https://www.thedailystar.net/sports/football/news/huge-hug-ronaldo-sends-heartfelt-message-grieving-messi-4246171
‘I don’t know how to move forward’: Messi unsure over future after father’s death,Football,,https://www.thedailystar.net/sports/football/news/i-dont-know-how-move-forward-messi-unsure-over-future-after-fathers-death-4246156
Be like Doku and kill with kindness,Football,,https://www.thedailystar.net/sports/football/news/be-doku-and-kill-kindness-4246071
Litton ‘100 percent fit’ ahead of Darwin Test,Cricket,,https://www.thedailystar.net/sports/cricket/news/litton-100-percent-fit-ahead-darwin-test-4246016
Oscar-winning actor Brad Pitt offers to ‘show Neymar how to sell the scene’,Football,,https://www.thedailystar.net/sports/football/news/oscar-winning-actor-brad-pitt-offers-show-neymar-how-sell-the-scene-4245996
Afghanistan to ‘host’ India for three September T20Is in Delhi,Cricket,,https://www.thedailystar.net/sports/cricket/news/afghanistan-host-india-three-september-t20is-delhi-4245966
Shanto backs ‘no-longer-the-same’ Bangladesh to make 23-year return count,Cricket,,https://www.thedailystar.net/sports/cricket/news/shanto-backs-no-longer-the-same-bangladesh-make-23-year-return-count-4245931
Australia go full-strength as Cummins reveals playing XI against Bangladesh,Cricket,,https://www.thedailystar.net/sports/cricket/news/australia-go-full-strength-cummins-reveals-playing-xi-against-bangladesh-4245891
Shamit Shome joins Pele's NY Cosmos,Football,,https://www.thedailystar.net/sports/football/news/shamit-shome-join-peles-ny-cosmos-4245886
Indian cricketer arrested on rape charges,Cricket,,https://www.thedailystar.net/sports/cricket/news/indian-cricketer-arrested-rape-charges-4245881
Police FC fail to emulate Fortis,Football,,https://www.thedailystar.net/sports/football/news/police-fc-fail-emulate-fortis-4245796
Mustafizur retained by IPL-owned Dubai Capitals for ILT20,Cricket,,https://www.thedailystar.net/sports/cricket/news/mustafizur-retained-ipl-owned-dubai-capitals-ilt20-4245776
PSG want to win everything: Luis Enrique,Football,,https://www.thedailystar.net/sports/football/news/psg-want-win-everything-luis-enrique-4245771
"Doctors ignored 'warning signs' before Maradona's death, court hears",Football,,https://www.thedailystar.net/sports/football/news/doctors-ignored-warning-signs-maradonas-death-court-hears-4245766
Cristiano Ronaldo marries longtime partner Georgina Rodriguez,Football,,https://www.thedailystar.net/sports/football/news/ronaldo-and-georgina-tie-the-knot-4245761
‘I don’t want Bangladesh to need Tony Hemming forever’,Cricket,,https://www.thedailystar.net/sports/cricket/news/i-dont-want-bangladesh-need-tony-hemming-forever-4245756
PSG eye Super Cup repeat,Football,,https://www.thedailystar.net/sports/football/news/psg-eye-super-cup-repeat-4245456
"Fortis, Ibrahim make most of unlikely opportunities",Football,,https://www.thedailystar.net/sports/football/news/fortis-ibrahim-make-most-unlikely-opportunities-4245461
India-Bangladesh series faces fresh scheduling clash,Cricket,,https://www.thedailystar.net/sports/cricket/news/india-bangladesh-series-faces-fresh-scheduling-clash-4245446
'Rana is a big out': Australia all-rounder Webster,Cricket,,https://www.thedailystar.net/sports/cricket/news/rana-big-out-australia-all-rounder-webster-4245436
Shoriful could follow in Hasan’s footsteps to county cricket,Cricket,,https://www.thedailystar.net/sports/cricket/news/shoriful-could-follow-hasans-footsteps-county-cricket-4245401
Somali referee denied World Cup 'proud' to oversee UEFA Super Cup,Football,,https://www.thedailystar.net/sports/football/news/somali-referee-denied-world-cup-proud-oversee-uefa-super-cup-4245326
Aminul questions national players' 'khep' outings,Football,,https://www.thedailystar.net/sports/football/news/aminul-questions-national-players-khep-commitments-4245311
Ibrahim sends Fortis FC into AFC Challenge League group stage,Football,,https://www.thedailystar.net/sports/football/news/ibrahim-sends-fortis-fc-afc-challenge-league-group-stage-4245241
CONMEBOL postpones two continental ties due to Colombia earthquake,Football,,https://www.thedailystar.net/sports/football/news/conmebol-postpones-two-continental-ties-due-colombia-earthquake-4245216
"Turkish journalist detained over 'fake' transfer news, say reports",Football,,https://www.thedailystar.net/sports/football/news/turkish-journalist-detained-over-fake-transfer-news-say-reports-4245191
Messi-Suarez-Neymar reunion: Will it really happen?,Football,,https://www.thedailystar.net/sports/football/news/messi-suarez-neymar-reunion-will-it-really-happen-4245166
'Big Four' bowlers back as ageing Australia begin gruelling run,Cricket,,https://www.thedailystar.net/sports/cricket/news/big-four-bowlers-back-ageing-australia-begin-gruelling-run-4245096
Bangladesh and India scramble to save white-ball series,Cricket,,https://www.thedailystar.net/sports/cricket/news/bangladesh-and-india-scramble-save-white-ball-series-4245116
"‘Terrible mistake’ if FIFA even considered replacing Infantino, risking World Cup profits, says Trump",Sports Special,,https://www.thedailystar.net/sports/sports-special/fifa-world-cup-2026/news/terrible-mistake-if-fifa-even-considered-replacing-infantino-risking-world-cup-profits-says-trump
"Former giants West Indies face World Cup Qualifier route, again",Cricket,,https://www.thedailystar.net/sports/cricket/news/former-giants-west-indies-face-world-cup-qualifier-route-again-4245061
Webster with a point to prove against Bangladesh,Cricket,,https://www.thedailystar.net/sports/cricket/news/webster-point-prove-against-bangladesh-4245056
Taskin ready to shoulder pace burden in Australia,Cricket,,https://www.thedailystar.net/sports/cricket/news/taskin-ready-shoulder-pace-burden-australia-4244631
Trump says would be 'terrible mistake' to replace FIFA's Infantino,Football,,https://www.thedailystar.net/sports/football/news/trump-says-would-be-terrible-mistake-replace-fifas-infantino-4245051
"Fortis, Police embark on Asian adventure today",Football,,https://www.thedailystar.net/sports/football/news/fortis-police-embark-asian-adventure-today-4244651
Liverpool bolster injury-hit defence with loan signing of Barca's Araujo,Football,,https://www.thedailystar.net/sports/football/news/liverpool-bolster-injury-hit-defence-loan-signing-barcas-araujo-4244956
Palestinian club football to restart in September after Gaza war stoppage,Football,,https://www.thedailystar.net/sports/football/news/palestinian-club-football-restart-september-after-gaza-war-stoppage-4244946
Forest owner Marinakis sues Crystal Palace after provocative fan banner,Football,,https://www.thedailystar.net/sports/football/news/forest-owner-marinakis-sues-crystal-palace-after-provocative-fan-banner-4244706
World Cup co-hosts US and Canada oppose Infantino,Football,,https://www.thedailystar.net/sports/football/news/world-cup-co-hosts-us-and-canada-oppose-infantino-4244696
Jishan blitz seals Malaysia T20 sweep,Cricket,,https://www.thedailystar.net/sports/cricket/news/jishan-blitz-seals-malaysia-t20-sweep-4244661
Head refuses to read too much into Bangladesh's warm-up woes,Cricket,,https://www.thedailystar.net/sports/cricket/news/head-refuses-read-too-much-bangladeshs-warm-woes-4244621
Why Glasner chose the Marinakis gamble,Football,,https://www.thedailystar.net/sports/football/news/why-glasner-chose-the-marinakis-gamble-4244611
"Scotland, Netherlands criticise ICC's World Cup format changes",Cricket,,https://www.thedailystar.net/sports/cricket/news/scotland-netherlands-criticise-iccs-world-cup-format-changes-4244581
The hole story behind Jacy’s leap of faith,Football,,https://www.thedailystar.net/sports/football/news/the-hole-story-behind-jacys-leap-faith-4244471
‘A plan for every batter’: Taskin trusts his process against Australia batters,Cricket,,https://www.thedailystar.net/sports/cricket/news/plan-every-batter-taskin-trusts-his-process-against-australia-batters-4244451
The unforgiven: Football’s most controversial transfers,Football,,https://www.thedailystar.net/sports/football/news/the-unforgiven-footballs-most-controversial-transfers-4244411
"Football 'belongs to no individual': UEFA, CONCACAF, AFC hit out at Infantino",Football,,https://www.thedailystar.net/sports/football/news/football-belongs-no-individual-uefa-concacaf-afc-hit-out-infantino-4244401
"U-20 coach Jones claims unpaid salary, BFF calls it ‘unfortunate’",Football,,https://www.thedailystar.net/sports/football/news/u-20-coach-jones-claims-unpaid-salary-bff-calls-it-unfortunate-4244341
Iraola brings chaos back to Liverpool,Football,,https://www.thedailystar.net/sports/football/news/iraola-brings-chaos-back-liverpool-4244321
Mourinho reveals why he snubbed Manchester United for Chelsea,Football,,https://www.thedailystar.net/sports/football/news/mourinho-reveals-why-he-snubbed-manchester-united-chelsea-4244306
"WTC race gathers pace, Australia in command",Cricket,,https://www.thedailystar.net/sports/cricket/news/wtc-race-gathers-pace-australia-command-4244296
'Don't worry about it': Steve Waugh’s classy gesture to Bangladesh,Cricket,,https://www.thedailystar.net/sports/cricket/news/dont-worry-about-it-steve-waughs-classy-gesture-bangladesh-4244291
Maresca delighted by Semenyo-Marmoush partnership after Man City beat Atletico,Football,,https://www.thedailystar.net/sports/football/news/maresca-delighted-semenyo-marmoush-partnership-after-man-city-beat-atletico-4244271
Messi bids farewell to father who guided his glittering career,Football,,https://www.thedailystar.net/sports/football/news/messi-bids-farewell-father-who-guided-his-glittering-career-4244226
Malawi book first-ever place at Women’s World Cup,Football,,https://www.thedailystar.net/sports/football/news/malawi-book-first-ever-place-womens-world-cup-4244216
Bangladesh's road to 2027 ODI World Cup all but certain,Cricket,,https://www.thedailystar.net/sports/cricket/news/bangladeshs-road-2027-odi-world-cup-all-certain-4243771
PSG sign France full-back Digne from Villa,Football,,https://www.thedailystar.net/sports/football/news/psg-sign-france-full-back-digne-villa-4244111
Arteta backs Guimaraes to 'ignite something different' at Arsenal,Football,,https://www.thedailystar.net/sports/football/news/arteta-backs-guimaraes-ignite-something-different-arsenal-4244106
Iraola's first Anfield match as Liverpool manager ends in Monaco defeat,Football,,https://www.thedailystar.net/sports/football/news/iraolas-first-anfield-match-liverpool-manager-ends-monaco-defeat-4243816
India's Sarfaraz Khan to replace Sudharsan in Sri Lanka series,Cricket,,https://www.thedailystar.net/sports/cricket/news/indias-sarfaraz-khan-replace-sudharsan-sri-lanka-series-4243796
Borson's fifer helps Bangladesh Emerging side thrash SA counterparts in final's dress rehearsal,Cricket,,https://www.thedailystar.net/sports/cricket/news/borsons-fifer-helps-bangladesh-emerging-side-thrash-sa-counterparts-finals-dress-rehearsal-4243786
Why Maldini quit FIGC after 17 days,Football,,https://www.thedailystar.net/sports/football/news/why-maldini-quit-figc-after-17-days-4243776
"Sports minister orders removal of shops  from Kamalapur stadium, suspends administrator",Football,,https://www.thedailystar.net/sports/football/news/sports-minister-orders-removal-shops-kamalapur-stadium-suspends-administrator-4243766
BFF yet to take a position on Infantino: Tabith,Football,,https://www.thedailystar.net/sports/football/news/bff-yet-take-position-infantino-tabith-4243706
"Rabada fired up for home World Cup, wants his Wasim moment",Cricket,,https://www.thedailystar.net/sports/cricket/news/rabada-fired-home-world-cup-wants-his-wasim-moment-4243666
South Korea FA apologises after sex scandal adds to controversies,Football,,https://www.thedailystar.net/sports/football/news/south-korea-fa-apologises-after-sex-scandal-adds-controversies-4243491
‘Almost like freedom’: Rabada embraces home World Cup challenge,Cricket,,https://www.thedailystar.net/sports/cricket/news/almost-freedom-rabada-embraces-home-world-cup-challenge-4243471
When Europe’s top leagues and competitions return,Football,,https://www.thedailystar.net/sports/football/news/when-europes-top-leagues-and-competitions-return-4243451
De Paul’s heartfelt tribute to grieving Messi,Football,,https://www.thedailystar.net/sports/football/news/de-pauls-heartfelt-tribute-grieving-messi-4243396
Carrick being 'careful' with Mount as Man Utd draw with PSG,Football,,https://www.thedailystar.net/sports/football/news/carrick-being-careful-mount-man-utd-draw-psg-4243331
Messi returns to Rosario to bid farewell to father,Football,,https://www.thedailystar.net/sports/football/news/messi-returns-rosario-bid-farewell-father-4243351
FIFA condemns 'concerted and ongoing effort' to weaken Infantino,Football,,https://www.thedailystar.net/sports/football/news/fifa-condemns-concerted-and-ongoing-effort-weaken-infantino-4243326
Messi absent after father's death as Miami lose in Leagues Cup,Football,,https://www.thedailystar.net/sports/football/news/messi-missing-after-fathers-death-miami-lose-leagues-cup-4243321
‘Disappointing’ display in Darwin warm-up raises alarm,Cricket,,https://www.thedailystar.net/sports/cricket/news/disappointing-display-darwin-warm-raises-alarm-4242936
"Shakib, Hridoy denied LPL title as Gallants end Jaffna's reign",Cricket,,https://www.thedailystar.net/sports/cricket/news/shakib-hridoy-denied-lpl-title-gallants-end-jaffnas-reign-4243121
Adam Abbas joins U-20 camp as Wahid moves to Boreham Wood,Football,,https://www.thedailystar.net/sports/football/news/adam-abbas-joins-u-20-camp-wahid-moves-boreham-wood-4243081
Jorge Messi: The father who believed in Lionel before the world did,Football,,https://www.thedailystar.net/sports/football/news/jorge-messi-the-father-who-believed-lionel-the-world-did-4242961
"Atletico will not sell Julian Alvarez, says Simeone",Football,,https://www.thedailystar.net/sports/football/news/atletico-will-not-sell-julian-alvarez-says-simeone-4242931
Guimaraes eager to ‘make history’ at Arsenal after €75m move,Football,,https://www.thedailystar.net/sports/football/news/guimaraes-eager-make-history-arsenal-after-eu75m-move-4242896
Lionel Messi's father Jorge passes away at 68,Football,,https://www.thedailystar.net/sports/football/news/reports-say-messis-father-has-passed-away-4242876
Meherob shines as HP thrash Malaysia,Cricket,,https://www.thedailystar.net/sports/cricket/news/meherob-shines-hp-thrash-malaysia-4242861
"Infantino accused of favouring female employee, denies allegations",Football,,https://www.thedailystar.net/sports/football/news/infantino-accused-favouring-female-employee-denies-allegations-4242841
Head embraces opening role after Ashes success,Cricket,,https://www.thedailystar.net/sports/cricket/news/head-embraces-opening-role-after-ashes-success-4242801
"Norway FA chief Klaveness, rare woman taking on Infantino",Football,,https://www.thedailystar.net/sports/football/news/norway-fa-chief-klaveness-rare-woman-taking-infantino-4242796
New Belgium coach Van Bommel had no hesitation accepting job,Football,,https://www.thedailystar.net/sports/football/news/new-belgium-coach-van-bommel-had-no-hesitation-accepting-job-4242751
‘Clear process’ yields 8-for as rookie pacer Thompson tears through Tigers,Cricket,,https://www.thedailystar.net/sports/cricket/news/clear-process-yields-8-rookie-pacer-thompson-tears-through-tigers-4242731
"Guimaraes ‘wanted to leave’, says Newcastle sporting director",Football,,https://www.thedailystar.net/sports/football/news/guimaraes-wanted-leave-says-newcastle-sporting-director-wilson-4242711
"Bangladesh suffer innings defeat, but receive positive Taijul injury update",Cricket,,https://www.thedailystar.net/sports/cricket/news/bangladesh-suffer-innings-defeat-receive-positive-taijul-injury-update-4242656
Real Madrid's Mastantuono joins Fiorentina on loan,Football,,https://www.thedailystar.net/sports/football/news/real-madrids-mastantuono-joins-fiorentina-loan-4242621
‘Let Messi enjoy himself’: AFA chief says Messi will retire when he wants,Football,,https://www.thedailystar.net/sports/football/news/let-messi-enjoy-himself-afa-chief-says-messi-will-retire-when-he-wants-4242606
FIFA chief Infantino gets backing of South American football,Football,,https://www.thedailystar.net/sports/football/news/fifa-chief-infantino-gets-backing-south-american-football-4242591
Tigers’ third-pacer conundrum,Cricket,,https://www.thedailystar.net/sports/cricket/news/tigers-third-pacer-conundrum-4242471
From Estevao to Joao Pedro: 10 young players who could shape Brazil’s 2030 mission,Football,,https://www.thedailystar.net/sports/football/news/estevao-joao-pedro-10-young-players-who-could-shape-brazils-2030-mission-4242436
World Cup 2027 hosts set for tri-series,Cricket,,https://www.thedailystar.net/sports/cricket/news/world-cup-2027-hosts-set-tri-series-4242391
Maradona's 'Hand of God' ball heads to US auction,Football,,https://www.thedailystar.net/sports/football/news/maradonas-hand-god-ball-heads-us-auction-4242381
"Kings, Abahani, FYMC get more time to save season",Football,,https://www.thedailystar.net/sports/football/news/kings-abahani-fymc-get-more-time-save-season-4242366
Man City reject Barca’s opening offer for Rodri,Football,,https://www.thedailystar.net/sports/football/news/man-city-reject-barcas-opening-offer-rodri-4242356
Bangladesh Emerging team reach tri-series final,Cricket,,https://www.thedailystar.net/sports/cricket/news/bangladesh-emerging-team-reach-tri-series-final-4242341
Head sneaks home to claim second straight Allan Border Medal,Cricket,,https://www.thedailystar.net/sports/cricket/news/head-sneaks-home-claim-second-straight-allan-border-medal-4242326
No way back for Shakib: State Minister for Youth and Sports Aminul,Cricket,,https://www.thedailystar.net/sports/cricket/news/no-way-back-shakib-state-minister-youth-and-sports-aminul-4242271
"Fleming 'like me, but better': McCullum on new England Test coach",Cricket,,https://www.thedailystar.net/sports/cricket/news/fleming-me-better-mccullum-new-england-test-coach-4242261
England striker Toney charged with London nightclub assault,Football,,https://www.thedailystar.net/sports/football/news/england-striker-toney-charged-london-nightclub-assault-4242226
Shakib says he is ready to return home and face trial if given security,Cricket,,https://www.thedailystar.net/sports/cricket/news/shakib-says-he-ready-return-home-and-face-trial-if-given-security-4242201
Taijul adds to Bangladesh’s injury woes,Cricket,,https://www.thedailystar.net/sports/cricket/news/taijul-adds-bangladeshs-injury-woes-4242196
Norway FA president Klaveness calls on FIFA boss Infantino to resign,Football,,https://www.thedailystar.net/sports/football/news/norway-fa-president-klaveness-calls-fifa-boss-infantino-resign-4242171
"Hasan shines, but CA XI take control",Cricket,,https://www.thedailystar.net/sports/cricket/news/hasan-shines-ca-xi-take-control-4242141
"Rodri out, Fernandez in at City?",Football,,https://www.thedailystar.net/sports/football/news/rodri-out-fernandez-city-4242131
"Argentina, Mexico back Infantino's leadership",Football,,https://www.thedailystar.net/sports/football/news/argentina-mexico-back-infantinos-leadership-4242106
Injury worry over Shubman Gill ahead of Galle Test,Cricket,,https://www.thedailystar.net/sports/cricket/news/injury-worry-over-shubman-gill-ahead-galle-test-4242101
Barcelona snub game in Morocco over Ceuta migrant influx,Football,,https://www.thedailystar.net/sports/football/news/barcelona-snub-game-morocco-over-ceuta-migrant-influx-4242081
"‘My plan A, B and C is Scaloni’: Tapia backs World Cup-winning coach to stay",Football,,https://www.thedailystar.net/sports/football/news/my-plan-b-and-c-scaloni-tapia-backs-world-cup-winning-coach-stay-4242076
UEFA maintains boycott threat as African confederation backs Infantino,Football,,https://www.thedailystar.net/sports/football/news/uefa-maintains-boycott-threat-african-confederation-backs-infantino-4242071
Labuschagne feeling fresh ahead of Bangladesh Test series,Cricket,,https://www.thedailystar.net/sports/cricket/news/labuschagne-feeling-fresh-ahead-bangladesh-test-series-4242066
Mohammedan capitalise on rivals’ FIFA woes,Football,,https://www.thedailystar.net/sports/football/news/mohammedan-capitalise-rivals-fifa-woes-4241651
Forlan named new Uruguay head coach,Football,,https://www.thedailystar.net/sports/football/news/forlan-named-new-uruguay-head-coach-4241966
India’s tour of Bangladesh prospect ‘now 50-50’,Cricket,,https://www.thedailystar.net/sports/cricket/news/indias-tour-bangladesh-prospect-now-50-50-4241671
Real's record €140m signing: Is Diomande the perfect fit for Mourinho?,Football,,https://www.thedailystar.net/sports/football/news/reals-record-eu140m-signing-diomande-the-perfect-fit-mourinho-4241916
Vinicius Junior extends Real Madrid deal to 2032: club,Football,,https://www.thedailystar.net/sports/football/news/vinicius-junior-extends-real-madrid-deal-2032-club-4241906
South Africa emerging outclass Bangladesh despite Shathi’s fighting 78,Cricket,,https://www.thedailystar.net/sports/cricket/news/south-africa-emerging-outclass-bangladesh-despite-shathis-fighting-78-4241776
Rodri approves Barcelona transfer talks with Man City: Report,Football,,https://www.thedailystar.net/sports/football/news/rodri-approves-barcelona-transfer-talks-man-city-report-4241701
UEFA maintains World Cup boycott threat despite FIFA push to end internal turmoil,Football,,https://www.thedailystar.net/sports/football/news/uefa-maintains-world-cup-boycott-threat-despite-fifa-push-end-internal-turmoil-4241696
Rangpur target hexa,Football,,https://www.thedailystar.net/sports/football/news/rangpur-target-hexa-4241656
Real Madrid or Barcelona: Where will Rodri go?,Football,,https://www.thedailystar.net/sports/football/news/real-madrid-or-barcelona-where-will-rodri-go-4241641
"Bangladesh drawn with Sri Lanka, UAE in Women's Asia Cup",Cricket,,https://www.thedailystar.net/sports/cricket/news/bangladesh-drawn-sri-lanka-uae-womens-asia-cup-4241621
"There's a lot of unknowns going in, says Hazlewood on Darwin Test",Cricket,,https://www.thedailystar.net/sports/cricket/news/theres-lot-unknowns-going-says-hazlewood-darwin-test-4241601
Real Madrid agree record deal to sign Diomande until 2033,Football,,https://www.thedailystar.net/sports/football/news/real-madrid-agree-club-record-deal-leipzigs-diomande-reports-say-4241581
Salah signs two-year deal with Trabzonspor,Football,,https://www.thedailystar.net/sports/football/news/salah-signs-two-year-deal-trabzonspor-4241571
Argentina declare July 15 national day to mark World Cup win over England,Football,,https://www.thedailystar.net/sports/football/news/argentina-declare-july-15-national-day-mark-world-cup-win-over-england-4241541
Ugandan football star killed in street attack,Football,,https://www.thedailystar.net/sports/football/news/ugandan-football-star-killed-street-attack-4241476
England recall Lawrence for Pakistan Tests as Root begins new captaincy stint,Cricket,,https://www.thedailystar.net/sports/cricket/news/england-recall-batter-lawrence-pakistan-tests-root-begins-new-captaincy-stint-4241461
How Blundell's old school tactic ended England's 'Bazball' era,Cricket,,https://www.thedailystar.net/sports/cricket/news/how-blundells-old-school-tactic-ended-englands-bazball-era-4241421
Miraz century rescues Tigers in Australia practice match,Cricket,,https://www.thedailystar.net/sports/cricket/news/miraz-century-rescues-tigers-australia-practice-match-4241376
Infantino offered Morocco the 2030 WC final hosting rights!,Football,,https://www.thedailystar.net/sports/football/news/infantino-offered-morocco-the-2030-wc-final-hosting-rights-4241346
Captain Babar delighted after ending Pakistan's losing streak,Cricket,,https://www.thedailystar.net/sports/cricket/news/captain-babar-delighted-after-ending-pakistans-losing-streak-4241331
Arteta won't discuss Guimaraes or 'players who aren't Arsenal players',Football,,https://www.thedailystar.net/sports/football/news/arteta-wont-discuss-guimaraes-or-players-who-arent-arsenal-players-4241316
Messi sizzles with record double in first start since World Cup final,Football,,https://www.thedailystar.net/sports/football/news/messi-sizzles-double-first-start-world-cup-final-sets-leagues-cup-record-4241311
Infantino and FIFA present united front after crisis meeting,Football,,https://www.thedailystar.net/sports/football/news/infantino-and-fifa-present-united-front-after-crisis-meeting-over-stake-sale-fallout-4241286
Coach Sharmin's future under cloud despite results,More Sports,,https://www.thedailystar.net/sports/more-sports/news/coach-sharmins-future-under-cloud-despite-results-4240846
Why Arsenal were so keen to sign Guimaraes,Football,,https://www.thedailystar.net/sports/football/news/why-arsenal-were-so-keen-sign-guimaraes-4240841
Alonso hails ‘emotional’ Mudryk return in 1-0 loss to Juventus,Football,,https://www.thedailystar.net/sports/football/news/alonso-hails-emotional-mudryk-return-1-0-loss-juventus-4241161
Newcastle appoint Jaissle as new head coach,Football,,https://www.thedailystar.net/sports/football/news/newcastle-appoint-jaissle-new-head-coach-4241156
Pakistan end eight-match away Test losing streak in style,Cricket,,https://www.thedailystar.net/sports/cricket/news/pakistan-end-eight-match-away-test-losing-streak-style-4241136
"Hridoy's record fifty, Shakib's breakthrough send Jaffna into LPL final",Cricket,,https://www.thedailystar.net/sports/cricket/news/hridoys-record-fifty-shakibs-breakthrough-send-jaffna-lpl-final-4240836
BHF ropes in experienced Bonnet for U-20 Junior Asia Cup,More Sports,,https://www.thedailystar.net/sports/more-sports/news/bhf-ropes-experienced-bonnet-u-20-junior-asia-cup-4240831
"'Deceitful' Infantino 'must go', says Luis Figo",Football,,https://www.thedailystar.net/sports/football/news/deceitful-infantino-must-go-says-luis-figo-4240811
Arsenal agree £75m deal to sign Newcastle's Guimaraes,Football,,https://www.thedailystar.net/sports/football/news/arsenal-agree-ps75m-deal-sign-newcastles-guimaraes-4240741
"Litton trains 'without discomfort', practice match call due on Thursday",Cricket,,https://www.thedailystar.net/sports/cricket/news/litton-trains-without-discomfort-practice-match-call-due-thursday-4240736
Rishad earns maiden SA20 call-up with champions Eastern Cape,Cricket,,https://www.thedailystar.net/sports/cricket/news/rishad-earns-maiden-sa20-call-champions-eastern-cape-4240701
Infantino holds crisis meeting in Morocco as FIFA stake sale fallout continues,Football,,https://www.thedailystar.net/sports/football/news/infantino-holds-crisis-meeting-morocco-fifa-stake-sale-fallout-continues-4240671
Vozinha cleared to wear nickname on Colo Colo shirt after Chile FA exemption,Football,,https://www.thedailystar.net/sports/football/news/vozinha-cleared-wear-nickname-colo-colo-shirt-after-chile-fa-exemption-4240656
Top End T20 schedule set for Bangladesh HP,Cricket,,https://www.thedailystar.net/sports/cricket/news/top-end-t20-schedule-set-bangladesh-hp-4240646
"Different Bangladesh, similar Australia challenge",Cricket,,https://www.thedailystar.net/sports/cricket/news/different-bangladesh-similar-australia-challenge-4240586
Starc eyes Kapil Dev's mark as Aussies focus on Bangladesh,Cricket,,https://www.thedailystar.net/sports/cricket/news/starc-eyes-kapil-devs-mark-aussies-focus-bangladesh-4240576
"Ugandan, Pakistani athletes go missing from Commonwealth Games in Glasgow",More Sports,,https://www.thedailystar.net/sports/more-sports/news/ugandan-pakistani-athletes-go-missing-commonwealth-games-glasgow-4240561
Turkish club Trabzonspor in 'negotiations' to sign Salah,Football,,https://www.thedailystar.net/sports/football/news/turkish-club-trabzonspor-negotiations-sign-salah-4240541
US World Cup cities seek millions of dollars promised by FIFA,Sports Special,,https://www.thedailystar.net/sports/sports-special/fifa-world-cup-2026/news/us-world-cup-cities-seek-millions-dollars-promised-fifa-4240536
Neymar dismisses father's claim of 2030 World Cup return,Football,,https://www.thedailystar.net/sports/football/news/neymar-dismisses-fathers-claim-2030-world-cup-return-4240421
Vinicius Jr embraces Mourinho's 'happy football' philosophy as contract talks loom,Football,,https://www.thedailystar.net/sports/football/news/vinicius-jr-embraces-mourinhos-happy-football-philosophy-contract-talks-loom-4240301
Former sports minister's stunning admission casts shadow over France's 1998 World Cup triumph,Football,,https://www.thedailystar.net/sports/football/news/former-sports-ministers-stunning-admission-casts-shadow-over-frances-1998-world-cup-triumph-4240371
"Messi donates €80,000 for Madrid wildfire recovery",Football,,https://www.thedailystar.net/sports/football/news/messi-donates-eu80000-madrid-wildfire-recovery-4240351
BCB explains decision not to renew Saikat’s contract,Cricket,,https://www.thedailystar.net/sports/cricket/news/bcb-explains-decision-not-renew-sharfuddoulas-contract-4240326
Jordan FA chief accuses FIFA's Infantino of 'blackmail' over endorsement,Football,,https://www.thedailystar.net/sports/football/news/jordan-fa-chief-accuses-fifas-infantino-blackmail-over-endorsement-4240296
Arsenal step up bid to sign Newcastle's Guimaraes: reports,Football,,https://www.thedailystar.net/sports/football/news/arsenal-step-bid-sign-newcastles-guimaraes-reports-4240291
Infantino's shrinking circle,Football,,https://www.thedailystar.net/sports/football/news/infantinos-shrinking-circle-4240121
"Kings, Abahani, Fakirerpool get three more days to lift FIFA transfer bans",Football,,https://www.thedailystar.net/sports/football/news/kings-abahani-fakirerpool-get-three-more-days-lift-fifa-transfer-bans-4240131
Changing of the guard: Premier League to begin with record nine new managers,Football,,https://www.thedailystar.net/sports/football/news/changing-the-guard-premier-league-begin-record-nine-new-managers-4240116
'Extra caution with drives': Hannan's advice echoes Tendulkar's Sydney masterclass,Cricket,,https://www.thedailystar.net/sports/cricket/news/extra-caution-drives-hannans-advice-echoes-tendulkars-sydney-masterclass-4240111
Battle lines drawn within FIFA as key figures break ranks with Infantino,Football,,https://www.thedailystar.net/sports/football/news/battle-lines-drawn-within-fifa-key-figures-break-ranks-infantino-4240096
"Gerhard keeps veterans Jimmy, Pushkor in Asian Games mix",More Sports,,https://www.thedailystar.net/sports/more-sports/news/gerhard-keeps-veterans-jimmy-pushkor-asian-games-mix-4240066
Cricket's drinking culture remains despite game's evolution: Stokes,Cricket,,https://www.thedailystar.net/sports/cricket/news/crickets-drinking-culture-remains-despite-games-evolution-stokes-4240056
'Ciao capitano': fans and former teammates say farewell to Franco Baresi,Football,,https://www.thedailystar.net/sports/football/news/ciao-capitano-fans-and-former-teammates-say-farewell-franco-baresi-4240041
Wenger says scrapping Infantino's World Cup plan was 'absolutely necessary',Football,,https://www.thedailystar.net/sports/football/news/wenger-says-scrapping-infantinos-world-cup-plan-was-absolutely-necessary-4239911
Barcelona goalkeeper Ter Stegen joins Ajax on loan,Football,,https://www.thedailystar.net/sports/football/news/barcelona-goalkeeper-ter-stegen-joins-ajax-loan-4239836
Amorim evokes spirit of Baresi as he bids to revive AC Milan fortunes,Football,,https://www.thedailystar.net/sports/football/news/amorim-evokes-spirit-baresi-he-bids-revive-ac-milan-fortunes-4239776
Rest before rehab for Rana; Shoriful on track,Cricket,,https://www.thedailystar.net/sports/cricket/news/rest-rehab-rana-shoriful-track-4239791
Tapia hails current Argentina side as country's greatest ever,Sports Special,,https://www.thedailystar.net/sports/sports-special/fifa-world-cup-2026/news/tapia-hails-current-argentina-side-countrys-greatest-ever-4239736
"‘When Real Madrid came calling, it was impossible to say no’",Football,,https://www.thedailystar.net/sports/football/news/when-real-madrid-came-calling-it-was-impossible-say-no-4239726
"Shafique, Babar lead strong Pakistan reply against West Indies",Cricket,,https://www.thedailystar.net/sports/cricket/news/shafique-babar-lead-strong-pakistan-reply-against-west-indies-4239701
Argentine club unveil jersey bearing 'Las Malvinas son Argentinas' slogan amid FIFA inquiry,Football,,https://www.thedailystar.net/sports/football/news/argentine-club-unveil-jersey-bearing-las-malvinas-son-argentinas-slogan-amid-fifa-inquiry-4239721
"Arbeloa's Fulham sign Gonzalo, Palacios from Real Madrid",Football,,https://www.thedailystar.net/sports/football/news/fulham-sign-gonzalo-garcia-real-madrid-4239691
‘Great to have it back’: Graeme Smith relishes 50-over World Cup return to African soil,Cricket,,https://www.thedailystar.net/sports/cricket/news/great-have-it-back-graeme-smith-relishes-50-over-world-cup-return-african-soil-4239706
Chelsea sign England midfielder Jordan Henderson,Sports,,https://www.thedailystar.net/sports/news/chelsea-sign-england-midfielder-jordan-henderson-4239686
World Cup hero Vozinha joins Chilean club Colo Colo on 6-month contract,Football,,https://www.thedailystar.net/sports/football/news/world-cup-hero-vozinha-joins-chilean-club-colo-colo-6-month-contract-4239681
'The club is Bangladesh': New hockey coach Gerhard’s selection mantra,More Sports,,https://www.thedailystar.net/sports/more-sports/news/the-club-bangladesh-new-hockey-coach-gerhards-selection-mantra-4239216
Flick keen to boost attack with Torres future uncertain,Football,,https://www.thedailystar.net/sports/football/news/flick-keen-boost-attack-torres-future-uncertain-4239566
Bangladesh Men's Emerging claim first tri-series win after poor start,Cricket,,https://www.thedailystar.net/sports/cricket/news/bangladesh-mens-emerging-claim-first-tri-series-win-after-poor-start-4239536
Chelsea sign England midfielder Henderson from Brentford,Football,,https://www.thedailystar.net/sports/football/news/chelsea-sign-england-midfielder-henderson-brentford-4239271
Tunnicliffe ton hands Bangladesh Women's Emerging Team series defeat,Cricket,,https://www.thedailystar.net/sports/cricket/news/tunnicliffe-ton-hands-bangladesh-womens-emerging-team-series-defeat-4239266
Three more coaches to join Dooley's team,Football,,https://www.thedailystar.net/sports/football/news/three-more-coaches-join-dooleys-team-4239261
"Borrowed boots, unbreakable dream",Cricket,,https://www.thedailystar.net/sports/cricket/news/borrowed-boots-unbreakable-dream-4239251
"Dzeko, 40, signs contract extension with Schalke",Football,,https://www.thedailystar.net/sports/football/news/dzeko-40-signs-contract-extension-schalke-4239221
Pochettino to stay as USA coach until 2030 World Cup,Football,,https://www.thedailystar.net/sports/football/news/pochettino-stay-usa-coach-until-2030-world-cup-4239211
"FIFA's Infantino sought Trump backing, says NY Post",Football,,https://www.thedailystar.net/sports/football/news/fifas-infantino-sought-trump-backing-says-ny-post-4239181
Auqib Nabi becomes first from Jammu & Kashmir to be called up to India's Test squad,Cricket,,https://www.thedailystar.net/sports/cricket/news/auqib-nabi-becomes-first-jammu-kashmir-be-called-indias-test-squad-4239126
The women behind UEFA's stand against Infantino's World Cup sell-off,Football,,https://www.thedailystar.net/sports/football/news/the-women-behind-uefas-stand-against-infantinos-world-cup-sell-4239006
"Good start, says Taijul as Tigers begin training in Darwin",Cricket,,https://www.thedailystar.net/sports/cricket/news/good-start-says-taijul-tigers-begin-training-darwin-4238971
Wales first nation to withdraw support for Infantino's FIFA re-election,Football,,https://www.thedailystar.net/sports/football/news/wales-first-nation-withdraw-support-infantinos-fifa-re-election-4238966
Arteta 'not going to talk' on Vinicius Jr Arsenal links,Football,,https://www.thedailystar.net/sports/football/news/arteta-not-going-talk-vinicius-jr-arsenal-links-4238926
Risk and reward behind Litton's inclusion,Cricket,,https://www.thedailystar.net/sports/cricket/news/risk-and-reward-behind-littons-inclusion-4238916
Juventus sign Kolo Muani from PSG on five-year deal,Football,,https://www.thedailystar.net/sports/football/news/juventus-sign-kolo-muani-psg-five-year-deal-4238896
From Haiti earthquake survivor to Argentina's rising star: The story of Kiki Ramos,Football,,https://www.thedailystar.net/sports/football/news/haiti-earthquake-survivor-argentinas-rising-star-the-story-kiki-ramos-4238871
Infantino under fire: What happens next?,Football,,https://www.thedailystar.net/sports/football/news/infantino-under-fire-what-happens-next-4238796
Chelsea sign Argentina midfielder Barco from Strasbourg,Football,,https://www.thedailystar.net/sports/football/news/chelsea-sign-argentina-midfielder-barco-strasbourg-4238781
Danny Welbeck: Chelsea’s fox in the box fix,Football,,https://www.thedailystar.net/sports/football/news/danny-welbeck-chelseas-fox-the-box-fix-4238556
"Infantino struggling to survive, says former IOC marketing chief",Football,,https://www.thedailystar.net/sports/football/news/infantino-struggling-survive-says-former-ioc-marketing-chief-4238546
Real Madrid welcome scrapping of FIFA's World Cup investor plan,Football,,https://www.thedailystar.net/sports/football/news/real-madrid-welcome-scrapping-fifas-world-cup-investor-plan-4238541
"BFF emergency meeting halts BFL relegation, promotes 3 clubs from BCL",Football,,https://www.thedailystar.net/sports/football/news/bff-emergency-meeting-halts-bfl-relegation-promotes-3-clubs-bcl-4238511
Bumrah ruled out of Sri Lanka Tests,Cricket,,https://www.thedailystar.net/sports/cricket/news/bumrah-likely-miss-sri-lanka-tests-4238466
'Perfect one': Gvardiol backs Maresca to Lead Manchester City After Guardiola,Football,,https://www.thedailystar.net/sports/football/news/perfect-one-gvardiol-backs-maresca-lead-manchester-city-after-guardiola-4238231
'Infantino's position looks unacceptable',Football,,https://www.thedailystar.net/sports/football/news/infantinos-position-looks-unacceptable-4238216
Bruno Guimaraes: From Brazil's World Cup villain to the verge of Arsenal's record signing,Football,,https://www.thedailystar.net/sports/football/news/bruno-guimaraes-brazils-world-cup-villain-the-verge-arsenals-record-signing-4238211
Is FIFA finally poised for a reset?,Football,,https://www.thedailystar.net/sports/football/news/fifa-finally-poised-reset-4238186
"UEFA, CONCACAF target Infantino after FIFA shelve World Cup private investment plan",Football,,https://www.thedailystar.net/sports/football/news/uefa-concacaf-target-infantino-after-fifa-shelve-world-cup-private-investment-plan-4238156
Chelsea bring in 35-year old striker Welbeck from Brighton,Football,,https://www.thedailystar.net/sports/football/news/chelsea-bring-35-year-old-striker-welbeck-brighton-4238121
"Bangladesh's group is really tight, Topu says of SAFF Championship draw",Football,,https://www.thedailystar.net/sports/football/news/we-dream-regaining-the-saff-title-topu-4238141
De Zerbi unsure over Richarlison's future at Spurs,Football,,https://www.thedailystar.net/sports/football/news/de-zerbi-unsure-over-richarlisons-future-spurs-4238111
Messi returns to action for Miami after World Cup final heartbreak,Football,,https://www.thedailystar.net/sports/football/news/messi-returns-action-miami-after-world-cup-final-heartbreak-4238131
Alonso welcomes Mudryk's Chelsea return after doping ban,Football,,https://www.thedailystar.net/sports/football/news/alonso-welcomes-mudryks-chelsea-return-after-doping-ban-4238096
CONCACAF calls for 'comprehensive reckoning with' Infantino's FIFA leadership,Football,,https://www.thedailystar.net/sports/football/news/concacaf-calls-comprehensive-reckoning-infantinos-fifa-leadership-4237836
Bangladesh emerging team bowled out for 89 in heavy defeat to SA,Cricket,,https://www.thedailystar.net/sports/cricket/news/bangladesh-emerging-team-bowled-out-89-heavy-defeat-sa-4237761
Chase hopes to solidify the West Indies fortress in Tests,Cricket,,https://www.thedailystar.net/sports/cricket/news/chase-hopes-solidify-the-west-indies-fortress-tests-4237721
Root won't 'rip up' England's Bazball blueprint,Cricket,,https://www.thedailystar.net/sports/cricket/news/root-wont-rip-englands-bazball-blueprint-4237706
UEFA says it has lost confidence in Infantino,Football,,https://www.thedailystar.net/sports/football/news/uefa-says-it-has-lost-confidence-infantino-4237656
"Bangladesh, India in separate groups in SAFF Championship",Football,,https://www.thedailystar.net/sports/football/news/bangladesh-india-separate-groups-saff-championship-4237646
Injury-hit Tigers receive Litton boost ahead of Australia Tests,Cricket,,https://www.thedailystar.net/sports/cricket/news/rapid-recovery-sees-litton-return-australia-test-series-opener-4237616
Salahuddin re-elected SAFF president for fifth straight term,Football,,https://www.thedailystar.net/sports/football/news/salahuddin-re-elected-saff-president-fifth-straight-term-4237576
Looking back on Baresi's three very different World Cups,Football,,https://www.thedailystar.net/sports/football/news/looking-back-baresis-three-very-different-world-cups-4237551
SAFF Championship draw today: What you need to know,Football,,https://www.thedailystar.net/sports/football/news/saff-championship-draw-today-what-you-need-know-4237541
"Edwards steps down as Dutch captain, De Leede takes over",Cricket,,https://www.thedailystar.net/sports/cricket/news/edwards-steps-down-dutch-captain-de-leede-takes-over-4237506
"Asian football body welcomes FIFA backdown, calls for transparency",Football,,https://www.thedailystar.net/sports/football/news/asian-football-body-welcomes-fifa-backdown-calls-transparency-4237456
Why FIFA's plan backfired and what it could mean for Infantino,Football,,https://www.thedailystar.net/sports/football/news/why-fifas-plan-backfired-and-what-it-could-mean-infantino-4237451
Chelsea's Mudryk cleared to play after doping ban appeal,Football,,https://www.thedailystar.net/sports/football/news/chelseas-mudryk-cleared-play-after-doping-ban-appeal-4237436
SENA struggles an ominous sign,Cricket,,https://www.thedailystar.net/sports/cricket/news/sena-struggles-ominous-sign-4237236
Messi available for selection when Inter Miami host Crew,Football,,https://www.thedailystar.net/sports/football/news/messi-available-selection-when-inter-miami-host-crew-4237386
Barca snap up teenager Bisiwu from Club Brugge,Football,,https://www.thedailystar.net/sports/football/news/barca-snap-teenager-bisiwu-club-brugge-4237381
TIMELINE: The rise and fall of FIFA's private investment plan,Football,,https://www.thedailystar.net/sports/football/news/timeline-the-rise-and-fall-fifas-private-investment-plan-4237396
FIFA scraps private investment plan after backlash,Football,,https://www.thedailystar.net/sports/football/news/fifa-scraps-private-investment-plan-after-backlash-4237376
What if FIFA doesn't blink?,Football,,https://www.thedailystar.net/sports/football/news/what-if-fifa-doesnt-blink-4237221
Eddie Howe resigns as Newcastle boss,Football,,https://www.thedailystar.net/sports/football/news/eddie-howe-resigns-newcastle-boss-4237126
England cricket chief Key refuses to rule out Stokes return,Cricket,,https://www.thedailystar.net/sports/cricket/news/england-cricket-chief-key-refuses-rule-out-stokes-return-4237116
Infantino 'wrong man' to lead FIFA: UK PM Burnham,Football,,https://www.thedailystar.net/sports/football/news/infantino-wrong-man-lead-fifa-uk-pm-burnham-4237106
FIFA studying impact of expanding World Cup to 64 teams for 2030 edition,Football,,https://www.thedailystar.net/sports/football/news/fifa-studying-impact-expanding-world-cup-64-teams-2030-edition-4237091
England's Stones joins Inter Milan on free transfer,Football,,https://www.thedailystar.net/sports/football/news/englands-stones-joins-inter-milan-free-transfer-4237086
Chelsea's Palmer says World Cup snub has motivated him,Football,,https://www.thedailystar.net/sports/football/news/chelseas-palmer-says-world-cup-snub-has-motivated-him-4237081
Brazil lack midfield to play possession football: Ancelotti,Football,,https://www.thedailystar.net/sports/football/news/brazil-lack-midfield-play-possession-football-ancelotti-4237076
Senior Infantino advisor resigns over FIFA's 'bad deal for football',Football,,https://www.thedailystar.net/sports/football/news/senior-infantino-advisor-resigns-over-fifas-bad-deal-football-4237036
Franco Baresi: The benchmark for defensive greatness,Football,,https://www.thedailystar.net/sports/football/news/franco-baresi-the-benchmark-defensive-greatness-4236991
"AFC expresses solidarity with UEFA, CONCACAF over FIFA stake sale",Football,,https://www.thedailystar.net/sports/football/news/afc-expresses-solidarity-uefa-concacaf-over-fifa-stake-sale-4236976
FIFA's controversial private investment plan: All key stories and analysis,Football,,https://www.thedailystar.net/sports/football/news/fifas-private-investment-plan-all-key-stories-and-analysis-4236956
AC Milan and Italy legend Franco Baresi dead at 66,Football,,https://www.thedailystar.net/sports/football/news/former-ac-milan-and-italy-defender-baresi-dead-66-4236951
FIFA to proceed with consultation process over stake sale plans,Football,,https://www.thedailystar.net/sports/football/news/fifa-proceed-consultation-process-over-stake-sale-plans-4236936
Underprepared and into the unknown,Cricket,,https://www.thedailystar.net/sports/cricket/news/underprepared-and-the-unknown-4236931
Jimmy returns to hockey camp after one-and-half year,More Sports,,https://www.thedailystar.net/sports/more-sports/news/jimmy-returns-hockey-camp-after-one-and-half-year-4236926
Kings in deeper FIFA trouble,Football,,https://www.thedailystar.net/sports/football/news/kings-deeper-fifa-trouble-4236921
Can football stay the people’s game?,Football,,https://www.thedailystar.net/sports/football/news/can-football-stay-the-peoples-game-4236806
"Messi 'one of the gods, if not the god of football': Casemiro",Football,,https://www.thedailystar.net/sports/football/news/messi-one-the-gods-if-not-the-god-football-casemiro-4236901
'Messi behaved in a sportsmanlike manner': World Cup final referee Vincic,Sports Special,,https://www.thedailystar.net/sports/sports-special/fifa-world-cup-2026/news/messi-behaved-sportsmanlike-manner-world-cup-final-referee-vincic-4236896
Reactions from across Europe to UEFA's FIFA World Cup boycott vote,Football,,https://www.thedailystar.net/sports/football/news/reactions-across-europe-uefas-fifa-world-cup-boycott-vote-4236821
CONCACAF rejects FIFA World Cup Stake sale proposal,Football,,https://www.thedailystar.net/sports/football/news/concacaf-rejects-fifa-world-cup-stake-sale-proposal-4236816
"2027 Cricket World Cup host venues announced: Full list across South Africa, Zimbabwe and Namibia",Cricket,,https://www.thedailystar.net/sports/cricket/news/2027-cricket-world-cup-host-venues-announced-full-list-across-south-africa-zimbabwe-and-namibia-4236716
"Is Bazball over?: Root, Fleming appointments signal new era",Cricket,,https://www.thedailystar.net/sports/cricket/news/bazball-over-root-fleming-appointments-signal-new-era-4236451
UEFA nations vote unanimously to boycott World Cup over FIFA stake sale plans,Football,,https://www.thedailystar.net/sports/football/news/uefa-nations-vote-unanimously-boycott-world-cup-over-fifa-stake-sale-plans-4236456
History looms but Hazlewood eyeing bigger picture in Bangladesh Tests,Cricket,,https://www.thedailystar.net/sports/cricket/news/history-looms-hazlewood-eyeing-bigger-picture-bangladesh-tests-4236431
"Neymar, Casemiro, Danilo not in Brazil's plans as Ancelotti turns to next generation",Football,,https://www.thedailystar.net/sports/football/news/neymar-casemiro-danilo-not-brazils-plans-ancelotti-turns-next-generation-4236416
Shanto has ‘full faith’ in Tigers’ squad against Australia,Cricket,,https://www.thedailystar.net/sports/cricket/news/shanto-has-full-faith-tigers-squad-against-australia-4236396
"England reappoint Root as Test captain, name Fleming as coach",Cricket,,https://www.thedailystar.net/sports/cricket/news/england-reappoint-root-test-captain-name-fleming-coach-4236301
A look back at Rahane's best in Test cricket,Cricket,,https://www.thedailystar.net/sports/cricket/news/look-back-rahanes-best-test-cricket-4236171
India's Ajinkya Rahane calls time on glittering career,Cricket,,https://www.thedailystar.net/sports/cricket/news/indias-ajinkya-rahane-calls-time-glittering-career-4236151
"FIFA plans could win support from smaller nations due to cash boost, expert says",Football,,https://www.thedailystar.net/sports/football/news/fifa-plans-could-win-support-smaller-nations-due-cash-boost-expert-says-4236096
Stokes should return for 'one more Ashes': Australia coach McDonald,Cricket,,https://www.thedailystar.net/sports/cricket/news/stokes-should-return-one-more-ashes-australia-coach-mcdonald-4236081
"FIFA proposal 'an opportunity, not an obligation', says Infantino",Football,,https://www.thedailystar.net/sports/football/news/fifa-proposal-opportunity-not-obligation-says-infantino-4236076
Mancini wants to make Italy great again,Football,,https://www.thedailystar.net/sports/football/news/mancini-wants-make-italy-great-again-4236066
Pique hails Messi-Ronaldo rivalry as an 'incredible battle' between different styles,Football,,https://www.thedailystar.net/sports/football/news/pique-hails-messi-ronaldo-rivalry-incredible-battle-between-different-styles-4236051
"How world football is governed: FIFA, UEFA and the balance of power",Football,,https://www.thedailystar.net/sports/football/news/how-world-football-governed-fifa-uefa-and-the-balance-power-4236041
Messi returns to Miami training 10 days after World Cup final loss,Football,,https://www.thedailystar.net/sports/football/news/messi-returns-miami-training-10-days-after-world-cup-final-loss-4236026
BFL needs a structural reset,Football,,https://www.thedailystar.net/sports/football/news/bfl-needs-structural-reset-4235926
Tamim hopeful despite no update on India series,Cricket,,https://www.thedailystar.net/sports/cricket/news/tamim-hopeful-despite-no-update-india-series-4235921
FIFA opens disciplinary case over Argentina Falklands banner,Sports Special,,https://www.thedailystar.net/sports/sports-special/fifa-world-cup-2026/news/fifa-opens-disciplinary-case-over-argentina-falklands-banner-4235901
BFF to discuss FIFA’s Forward Enterprise proposal,Football,,https://www.thedailystar.net/sports/football/news/bff-discuss-fifas-forward-enterprise-proposal-4235661
Bangladesh fall to unbeaten Pakistan in CAVA volleyball final,More Sports,,https://www.thedailystar.net/sports/more-sports/news/bangladesh-fall-unbeaten-pakistan-cava-volleyball-final-4235616
"What is FIFA's private investment plan, and why it has sparked a global outrage",Football,,https://www.thedailystar.net/sports/football/news/what-fifas-private-investment-plan-and-why-it-has-sparked-global-outrage-4235581
Litton replaces Miraz as ODI captain,Cricket,,https://www.thedailystar.net/sports/cricket/news/litton-replaces-miraz-odi-captain-4235571
'My time has passed': Neymar doubles down on Brazil retirement,Football,,https://www.thedailystar.net/sports/football/news/my-time-has-passed-neymar-doubles-down-brazil-retirement-4235511
FIFA issues deadline to members over plan to sell $4 bn stake,Football,,https://www.thedailystar.net/sports/football/news/fifa-issues-deadline-members-over-plan-sell-4-bn-stake-4235481
'Hands off our game': FIFA's plans to sell $4.2bn stake in its tournaments widely criticised,Football,,https://www.thedailystar.net/sports/football/news/hands-our-game-fifas-plans-sell-42bn-stake-its-tournaments-widely-criticised-4235426
"IPL's business value soars above $20 billion, says report",Cricket,,https://www.thedailystar.net/sports/cricket/news/ipls-business-value-soars-above-20-billion-says-report-4235356
"Australians were looking forward to facing Rana, says Shakib",Cricket,,https://www.thedailystar.net/sports/cricket/news/australians-were-looking-forward-facing-rana-says-shakib-4235326
"Brazil, Mexico and US Democrats financed anti-Argentina campaign, alleges Milei",Sports Special,,https://www.thedailystar.net/sports/sports-special/fifa-world-cup-2026/news/brazil-mexico-and-us-democrats-financed-anti-argentina-campaign-alleges-milei-4235301
"FIFA defends VAR decision in Argentina-Switzerland World Cup match, signals rule clarification",Sports Special,,https://www.thedailystar.net/sports/sports-special/fifa-world-cup-2026/news/fifa-defends-var-decision-argentina-switzerland-world-cup-match-signals-rule-clarification-4235276
'I don't want a team that plays like Argentina': Rudi Voeller criticises Albiceleste's style,Sports Special,,https://www.thedailystar.net/sports/sports-special/fifa-world-cup-2026/news/i-dont-want-team-plays-argentina-rudi-voeller-criticises-albicelestes-style-4235266
Pakistan suffer eighth consecutive away Test defeat,Cricket,,https://www.thedailystar.net/sports/cricket/news/pakistan-suffer-eighth-consecutive-away-test-defeat-4235261
"A rare opportunity, familiar questions",Cricket,,https://www.thedailystar.net/sports/cricket/news/rare-opportunity-familiar-questions-4234836
"Diaz and Olise set to stay at Bayern, says CEO",Football,,https://www.thedailystar.net/sports/football/news/diaz-and-olise-set-stay-bayern-says-ceo-4235161
Cucurella keeps De la Fuente tattoo pledge after Spain World Cup win,Sports Special,,https://www.thedailystar.net/sports/sports-special/fifa-world-cup-2026/news/cucurella-keeps-de-la-fuente-tattoo-pledge-after-spain-world-cup-win-4235156
FIFA says it hopes to sell $4.2bn stake in its tournaments,Football,,https://www.thedailystar.net/sports/football/news/fifa-says-it-hopes-sell-42bn-stake-its-tournaments-4235151
Joao Pedro hits hattrick as Alonso's Chelsea reign begins with victory,Football,,https://www.thedailystar.net/sports/football/news/joao-pedro-hits-hattrick-alonsos-chelsea-reign-begins-victory-4234936
World Cup errors shake faith in VAR,Sports Special,,https://www.thedailystar.net/sports/sports-special/fifa-world-cup-2026/news/world-cup-errors-shake-faith-var-4234891
"Fatigue, high altitude or voodoo: Team management perplexed over Nahid Rana's injury",Cricket,,https://www.thedailystar.net/sports/cricket/news/fatigue-high-altitude-or-voodoo-team-management-perplexed-over-nahid-ranas-injury-4234881
Boxer Rakib knocked out; Swimmer Rafi betters personal best,More Sports,,https://www.thedailystar.net/sports/more-sports/news/boxer-rakib-knocked-out-swimmer-rafi-betters-personal-best-4234866
Real Madrid generate record €1.2b revenue despite struggles,Football,,https://www.thedailystar.net/sports/football/news/real-madrid-generate-record-eu12b-revenue-despite-struggles-4234851
'Clicky Ponting': English amateur cricketer investigated over viral finger-snapping trick,Cricket,,https://www.thedailystar.net/sports/cricket/news/clicky-ponting-english-amateur-cricketer-investigated-over-viral-finger-snapping-trick-4234846
Zidane's managerial career at a glance,Football,,https://www.thedailystar.net/sports/football/news/zidanes-managerial-career-glance-4234811
Zidane's long road leads back to France helm,Football,,https://www.thedailystar.net/sports/football/news/zidanes-long-road-leads-back-france-helm-4234801
Rodri sidelined for 'short period' following back surgery,Football,,https://www.thedailystar.net/sports/football/news/rodri-sidelined-short-period-following-back-surgery-4234731
"Mancini returns as Italy coach, Ranieri made technical director",Football,,https://www.thedailystar.net/sports/football/news/mancini-become-italy-coach-second-time-4234716
"Embolo's sending-off in World Cup quarterfinal against Argentina was wrong, IFAB says",Football,,https://www.thedailystar.net/sports/football/news/embolos-sending-world-cup-quarter-final-against-argentina-was-wrong-ifab-says-4234711
"Zinedine Zidane: The good, the bad and the ugly",Football,,https://www.thedailystar.net/sports/football/news/zinedine-zidane-the-good-the-bad-and-the-ugly-4234676
'The only job I wanted': Zidane named France coach,Football,,https://www.thedailystar.net/sports/football/news/the-only-job-i-wanted-zidane-named-france-coach-4234621
Neymar's Santos future in doubt amid growing tensions,Football,,https://www.thedailystar.net/sports/football/news/neymars-santos-future-doubt-amid-growing-tensions-4234576
"Rana, Taskin to depart for Perth tonight",Cricket,,https://www.thedailystar.net/sports/cricket/news/rana-taskin-depart-perth-tuesday-4234561
Jadeja returns to India squad for Sri Lanka Tests,Cricket,,https://www.thedailystar.net/sports/cricket/news/jadeja-returns-india-squad-sri-lanka-tests-4234521
How cricket's Olympic return could become the IOC's gateway to India,Cricket,,https://www.thedailystar.net/sports/cricket/news/how-crickets-olympic-return-could-become-the-iocs-gateway-india-4234496
Bashar’s ‘respect’ challenge for Tigers Down Under,Cricket,,https://www.thedailystar.net/sports/cricket/news/bashars-respect-challenge-tigers-down-under-4234491
'Spain were far superior': Argentina national team video analyst dismisses conspiracy theories,Sports Special,,https://www.thedailystar.net/sports/sports-special/fifa-world-cup-2026/news/spain-were-far-superior-argentina-national-team-video-analyst-dismisses-conspiracy-theories-4234486
"Five wickets, zero runs: Historic first for West Indies pacer Greaves",Cricket,,https://www.thedailystar.net/sports/cricket/news/five-wickets-zero-runs-historic-first-west-indies-pacer-greaves-4234476
'It was simply surreal': Cabral on his award-winning World Cup goal,Sports Special,,https://www.thedailystar.net/sports/sports-special/fifa-world-cup-2026/news/it-was-simply-surreal-cabral-his-award-winning-world-cup-goal-4234471
English football to trial goalkeeper injury rule to deter tactical stoppages,Football,,https://www.thedailystar.net/sports/football/news/english-football-trial-goalkeeper-injury-rule-deter-tactical-stoppages-4234461
Maldini resigns from Italy federation after Pirlo coaching plan collapses,Football,,https://www.thedailystar.net/sports/football/news/maldini-resigns-italy-federation-after-pirlo-coaching-plan-collapses-4234356
Yan Diomande: From rejections to Real's doorstep,Football,,https://www.thedailystar.net/sports/football/news/yan-diomande-rejections-reals-doorstep-4234351
"Vini to Arsenal?: Dream deal, distant reality",Football,,https://www.thedailystar.net/sports/football/news/vini-arsenal-dream-deal-distant-reality-4234266
Bangladesh sprinters disappoint in Glasgow,More Sports,,https://www.thedailystar.net/sports/more-sports/news/bangladesh-sprinters-disappoint-glasgow-4234026
Cabral's curler against Argentina voted 2026 World Cup Goal of the Tournament,Football,Cabral's curler against Argentina voted 2026 World Cup Goal of the Tournament,https://www.thedailystar.net/sports/football/news/cabrals-curler-against-argentina-voted-2026-world-cup-goal-the-tournament-4234001
"'World Cup over, but story continues': Mbappe pens emotional letter",Sports Special,,https://www.thedailystar.net/sports/sports-special/fifa-world-cup-2026/news/world-cup-over-story-continues-mbappe-pens-emotional-letter-4233981
PM emphasises youth development for a better Bangladesh,More Sports,,https://www.thedailystar.net/sports/more-sports/news/pm-emphasises-youth-development-better-bangladesh-4233961
'I have a plan': Alonso on playing Palmer and Rogers together,Football,,https://www.thedailystar.net/sports/football/news/i-have-plan-alonso-playing-palmer-and-rogers-together-4233931
Infantino accuses World Cup critics of spreading hate in open letter,Football,,https://www.thedailystar.net/sports/football/news/infantino-accuses-world-cup-critics-spreading-hate-open-letter-4233816
‘Difficult to keep fast bowlers injury-free’: Bashar on Rana blow ahead of Australia tour,Cricket,,https://www.thedailystar.net/sports/cricket/news/difficult-keep-fast-bowlers-injury-free-bashar-after-rana-blow-ahead-australia-tour-4233761
"Cubarsi in 2026, Dibu in 2022: Throwing bodies in the void to claim World Cup immortality",Sports Special,"Cubarsi in 2026, Dibu in 2022: Throwing bodies in the void to claim World Cup immortality",https://www.thedailystar.net/sports/sports-special/fifa-world-cup-2026/news/cubarsi-2026-dibu-2022-throwing-bodies-the-void-claim-world-cup-immortality-4233746
BCB district-level coaching exams continue to confound as only 39 of 200+ pass,Cricket,,https://www.thedailystar.net/sports/cricket/news/bcb-district-level-coaching-exams-continue-confound-only-39-200-pass-4233736
Bangladesh excited for next tours as Joty sets lofty goal,Cricket,,https://www.thedailystar.net/sports/cricket/news/bangladesh-excited-next-tours-joty-sets-lofty-goal-4233716
Sooryavanshi will break all the records at international level: VVS Laxman,Cricket,,https://www.thedailystar.net/sports/cricket/news/sooryavanshi-will-break-all-the-records-international-level-vvs-laxman-4233661
Pirlo out of Italy coach race after scrutiny over Russian betting company links,Football,,https://www.thedailystar.net/sports/football/news/pirlos-italy-coaching-bid-faces-political-backlash-over-russian-betting-ties-4233651
'I'm sorry I couldn't bring you another Cup': Scaloni pens emotional message,Sports Special,,https://www.thedailystar.net/sports/sports-special/fifa-world-cup-2026/news/im-sorry-i-couldnt-bring-you-another-cup-scaloni-pens-emotional-message-4233646
Olmo claims Argentina assistant coach Ayala lying about reason for shove,Sports Special,,https://www.thedailystar.net/sports/sports-special/fifa-world-cup-2026/news/olmo-claims-argentina-assistant-coach-ayala-lying-about-reason-shove-4233641
Champion Norris hands McLaren first win of 2026,More Sports,Champion Norris hands McLaren first win of 2026,https://www.thedailystar.net/sports/more-sports/news/champion-norris-hands-mclaren-first-win-2026-4233441
Injury-hit Tigers throw a mixed bag for Australia opener,Cricket,,https://www.thedailystar.net/sports/cricket/news/injury-hit-tigers-throw-mixed-bag-australia-opener-4233436
"Spain play possession-based football, not 'tiki-taka': De la Fuente",Sports Special,,https://www.thedailystar.net/sports/sports-special/fifa-world-cup-2026/news/spain-play-possession-based-football-not-tiki-taka-de-la-fuente-4233401
Rakib reaches Commonwealth Games boxing quarterfinals,More Sports,,https://www.thedailystar.net/sports/more-sports/news/rakib-reaches-commonwealth-games-boxing-quarterfinals-4233371
Sooryavanshi's 81 steers India to Zimbabwe T20 series sweep,Cricket,,https://www.thedailystar.net/sports/cricket/news/sooryavanshis-81-steers-india-zimbabwe-t20-series-sweep-4233131
Sooryavanshi leads the way in T20 series sweep against Zimbabwe,Cricket,,https://www.thedailystar.net/sports/cricket/news/sooryavanshi-leads-the-way-t20-series-sweep-against-zimbabwe-4233106
Russian betting company ties spark resistance to appointing Pirlo as Italy coach,Football,,https://www.thedailystar.net/sports/football/news/russian-betting-company-ties-spark-resistance-appointing-pirlo-italy-coach-4233056
Bangladesh missed World Cup due to 'political issues': Miraz,Cricket,,https://www.thedailystar.net/sports/cricket/news/bangladesh-missed-world-cup-due-political-issues-miraz-4233041
Tongi gears up for 17-nation archery camp,More Sports,,https://www.thedailystar.net/sports/more-sports/news/tongi-gears-17-nation-archery-camp-4233021
Kyrgyzstan invites Bangladesh for tri-nation tournament in Sept-Oct,Football,,https://www.thedailystar.net/sports/football/news/kyrgyzstan-invites-bangladesh-tri-nation-tournament-sept-oct-4233011
"Soumya, Jaker return for first Australia Test",Cricket,,https://www.thedailystar.net/sports/cricket/news/soumya-jaker-return-first-australia-test-4233006
Female referee suffers concussion after being knocked to the ground,Football,,https://www.thedailystar.net/sports/football/news/female-referee-suffers-concussion-after-being-knocked-the-ground-4232901
'King Kazu' Miura scores first competitive goal after four years at 59,Football,,https://www.thedailystar.net/sports/football/news/king-kazu-miura-scores-first-competitive-goal-after-four-years-59-4232841
Iraola begins Liverpool reign with pre-season win over Sunderland,Football,,https://www.thedailystar.net/sports/football/news/iraola-begins-liverpool-reign-pre-season-win-over-sunderland-4232786
Neymar answers critics with poker-themed celebration,Football,,https://www.thedailystar.net/sports/football/news/neymar-answers-critics-poker-themed-celebration-4232771
Bangladesh football's rise sparks SAFF rethink,Football,,https://www.thedailystar.net/sports/football/news/bangladesh-footballs-rise-sparks-saff-rethink-4232756
Joshua's comeback victory sets up blockbuster Fury showdown,More Sports,,https://www.thedailystar.net/sports/more-sports/news/joshuas-comeback-victory-sets-blockbuster-fury-showdown-4232746
Messi makes first public appearance in Rosario after World Cup heartbreak,Football,,https://www.thedailystar.net/sports/football/news/messi-makes-first-public-appearance-rosario-after-world-cup-heartbreak-4232736
Messi-less Miami win on Casemiro debut,Football,,https://www.thedailystar.net/sports/football/news/messi-less-miami-win-casemiro-debut-4232716
"Messi can skip All-Star Game after grueling World Cup, says MLS",Sports Special,,https://www.thedailystar.net/sports/sports-special/fifa-world-cup-2026/news/messi-can-skip-all-star-game-after-grueling-world-cup-says-mls-4232356
"Arsenal interested in Vinicius, says report",Sports Special,,https://www.thedailystar.net/sports/sports-special/fifa-world-cup-2026/news/arsenal-interested-vinicius-says-report-4232276
Varane concussions motivate Como to ban heading in academy teams,Football,,https://www.thedailystar.net/sports/football/news/varane-concussions-motivate-como-ban-heading-academy-teams-4232231
"Kishan, Varma hit half centuries as India win Zimbabwe T20 series",Cricket,,https://www.thedailystar.net/sports/cricket/news/kishan-varma-hit-half-centuries-india-win-zimbabwe-t20-series-4232166
"Sinner, Djokovic withdraw from Montreal Masters",Tennis,,https://www.thedailystar.net/sports/more-sports/tennis/news/sinner-djokovic-withdraw-montreal-masters-4232101
Understanding autism: How Cucurella’s curls changed the conversation,Sports Special,,https://www.thedailystar.net/sports/sports-special/fifa-world-cup-2026/news/understanding-autism-how-cucurellas-curls-changed-the-conversation-4232121
‘Maybe he’s a racist’: Trump critical of LeBron James,More Sports,,https://www.thedailystar.net/sports/more-sports/news/maybe-hes-racist-trump-critical-lebron-james-4232091
Rodri to Real? How his potential transfer could transform Madrid and Man City tactically,Football,,https://www.thedailystar.net/sports/football/news/rodri-real-how-his-potential-transfer-could-transform-madrid-and-man-city-tactically-4232066
"Rana ruled out, Australia tour plan under scrutiny",Cricket,,https://www.thedailystar.net/sports/cricket/news/rana-ruled-out-australia-tour-plan-under-scrutiny-4232031
Can Klopp revive Germany?,Football,,https://www.thedailystar.net/sports/football/news/can-klopp-revive-germany-4231926
Brazil in advanced talks for historic Kolkata friendly: Reports,Football,,https://www.thedailystar.net/sports/football/news/brazil-advanced-talks-historic-kolkata-friendly-reports-4231951
Australia not taking Bangladesh lightly an achievement: Shanto,Cricket,,https://www.thedailystar.net/sports/cricket/news/australia-not-taking-bangladesh-lightly-achievement-shanto-4231911
'Mind your own business': Neymar hits back at critics over poker controversy,Football,,https://www.thedailystar.net/sports/football/news/mind-your-own-business-neymar-hits-back-critics-over-poker-controversy-4231891
IOC reject complaint against FIFA chief Infantino over 'political neutrality',Sports Special,,https://www.thedailystar.net/sports/sports-special/fifa-world-cup-2026/news/ioc-reject-complaint-against-fifa-chief-infantino-over-political-neutrality-4231881
New Germany coach Klopp says he'll quit if media targets his family,Football,,https://www.thedailystar.net/sports/football/news/new-germany-coach-klopp-says-hell-quit-if-media-targets-his-family-4231871
Cape Verde World Cup hero Vozinha agrees move to Chile's Colo Colo,Football,,https://www.thedailystar.net/sports/football/news/cape-verde-world-cup-hero-vozinha-agrees-move-chiles-colo-colo-4231851
"Fortis, Police embrace ‘rare opportunity’",Football,,https://www.thedailystar.net/sports/football/news/fortis-police-embrace-rare-opportunity-4231556
"Maresca says it's a 'privilege' to succeed Guardiola, expects Rodri to stay",Football,,https://www.thedailystar.net/sports/football/news/maresca-says-its-privilege-succeed-guardiola-expects-rodri-stay-4231601
Pirlo set for Italy job after Guardiola rejection: report,Football,,https://www.thedailystar.net/sports/football/news/pirlo-set-italy-job-after-guardiola-rejection-report-4231586
Dutchman van Bommel appointed new Belgium football coach,Football,,https://www.thedailystar.net/sports/football/news/dutchman-van-bommel-appointed-new-belgium-football-coach-4231561
Guardiola turns down Italy role as search for coach continues,Football,,https://www.thedailystar.net/sports/football/news/guardiola-turns-down-italy-role-search-coach-continues-4231541
"For me, World Cup ended when Argentina beat England: Di Maria",Sports Special,,https://www.thedailystar.net/sports/sports-special/fifa-world-cup-2026/news/me-world-cup-ended-when-argentina-beat-england-di-maria-4231536
No time to rest as club football returns,Football,,https://www.thedailystar.net/sports/football/news/no-time-rest-club-football-returns-4231526
Germany appoint Klopp as head coach after World Cup disappointment,Football,,https://www.thedailystar.net/sports/football/news/germany-appoint-klopp-head-coach-after-world-cup-disappointment-4231471
Bangladesh receive direct quarterfinal berth at Asian Games cricket,Cricket,,https://www.thedailystar.net/sports/cricket/news/bangladesh-receive-direct-quarterfinal-berth-asian-games-cricket-4231431
"Argentina in 2026, Brazil in 2006: Bizarre kit-fixes that ruined South American title defences",Sports Special,"Argentina in 2026, Brazil in 2006: Bizarre kit-fixes that ruined South American title defences",https://www.thedailystar.net/sports/sports-special/fifa-world-cup-2026/news/bizarre-kit-fixes-derail-south-americas-modern-title-defences-4231411
Kempes urges fans not to believe baseless rumours about Argentina,Sports Special,,https://www.thedailystar.net/sports/sports-special/fifa-world-cup-2026/news/kempes-urges-fans-not-believe-baseless-rumours-about-argentina-4231406
'Intolerable and unacceptable': De La Fuente blasts Argentina players for post-final clash,Sports Special,,https://www.thedailystar.net/sports/sports-special/fifa-world-cup-2026/news/intolerable-and-unacceptable-de-la-fuente-blasts-argentina-players-post-final-clash-4231376
King Charles opens slimmed down Commonwealth Games in Glasgow,More Sports,,https://www.thedailystar.net/sports/more-sports/news/king-charles-opens-slimmed-down-commonwealth-games-glasgow-4231356
World Cup closes remarkable careers,Sports Special,,https://www.thedailystar.net/sports/sports-special/fifa-world-cup-2026/news/world-cup-closes-remarkable-careers-4231306
Argentina defender Otamendi confirms international retirement,Football,,https://www.thedailystar.net/sports/football/news/argentina-defender-otamendi-confirms-international-retirement-4231291
BFF mulls four friendlies ahead of SAFF C’ship,Football,,https://www.thedailystar.net/sports/football/news/bff-mulls-four-friendlies-ahead-saff-cship-4230951
Beyond the clean sheets: How Golden Glove winner Simon became Spain's silent hero,Sports Special,,https://www.thedailystar.net/sports/sports-special/fifa-world-cup-2026/news/beyond-the-clean-sheets-how-golden-glove-winner-simon-became-spains-silent-hero-4231236
Anderson declares Man City 'kings of Manchester' after £116m move,Football,,https://www.thedailystar.net/sports/football/news/anderson-declares-man-city-kings-manchester-after-ps116m-move-4231051
Sooryavanshi hits maiden T20I fifty as India thump Zimbabwe in series opener,Cricket,,https://www.thedailystar.net/sports/cricket/news/sooryavanshi-hits-maiden-t20i-fifty-india-thump-zimbabwe-series-opener-4230946
Eskayef clinch GIFTY Pharma Cup title,More Sports,,https://www.thedailystar.net/sports/more-sports/news/eskayef-clinch-gifty-pharma-cup-title-4230931
"Rangpur, Rajshahi reach Notun Kuri cricket final",Cricket,,https://www.thedailystar.net/sports/cricket/news/rangpur-rajshahi-reach-notun-kuri-cricket-final-4230911
Women’s kabaddi team lose final Test despite sealing series,More Sports,,https://www.thedailystar.net/sports/more-sports/news/womens-kabaddi-team-lose-final-test-despite-sealing-series-4230901
"The World Cup, through a cartoonist's eyes",Sports Special,,https://www.thedailystar.net/sports/sports-special/fifa-world-cup-2026/news/the-world-cup-through-cartoonists-eyes-4230856
Arsenal sign forward Tzolis from Club Brugge,Football,,https://www.thedailystar.net/sports/football/news/arsenal-sign-forward-tzolis-club-brugge-4230826
Balogun red card saga: Norway set to make formal complaint to FIFA,Sports Special,,https://www.thedailystar.net/sports/sports-special/fifa-world-cup-2026/news/balogun-red-card-saga-norway-set-make-formal-complaint-fifa-4230821
Bangladesh to play one-off Lord's Test against England in 2027,Cricket,,https://www.thedailystar.net/sports/cricket/news/bangladesh-play-one-lords-test-against-england-2027-4230671
World Cup reshapes Ballon d'Or race,Sports Special,,https://www.thedailystar.net/sports/sports-special/fifa-world-cup-2026/news/world-cup-reshapes-ballon-dor-battle-4230641
"We play to make our people happy, and that is why the pain is great: Scaloni",Sports Special,,https://www.thedailystar.net/sports/sports-special/fifa-world-cup-2026/news/we-play-make-our-people-happy-and-why-the-pain-great-scaloni-4230611
How Asia fared in World Cup and what comes next,Sports Special,,https://www.thedailystar.net/sports/sports-special/fifa-world-cup-2026/news/how-asia-fared-world-cup-and-what-comes-next-4230566
‘We didn’t see the best of Yamal’: Lewandowski reflects on young star’s World Cup performance,Sports Special,,https://www.thedailystar.net/sports/sports-special/fifa-world-cup-2026/news/we-didnt-see-the-best-yamal-lewandowski-reflects-young-stars-world-cup-performance-4230556
Arsenal defender Saliba out for extended period,Football,,https://www.thedailystar.net/sports/football/news/arsenal-defender-saliba-out-extended-period-4230536
Real Madrid stars: Champions of the goal charts,Sports Special,,https://www.thedailystar.net/sports/sports-special/fifa-world-cup-2026/news/real-madrid-stars-champions-the-goal-chart-4230511
Spain's World Cup hero Rodri set for back surgery: Report,Sports Special,,https://www.thedailystar.net/sports/sports-special/fifa-world-cup-2026/news/spains-world-cup-hero-rodri-set-back-surgery-report-4230491
Messi-less Miami spoils Lewandowski's MLS debut,Football,,https://www.thedailystar.net/sports/football/news/messi-less-miami-spoils-lewandowskis-mls-debut-4230471
Argentine Football Association says US did not detain its president and treasurer,Sports Special,,https://www.thedailystar.net/sports/sports-special/fifa-world-cup-2026/news/argentine-football-association-says-us-did-not-detain-its-president-and-treasurer-4230461
"Idle boots, ticking clock as SAFF nears",Football,,https://www.thedailystar.net/sports/football/news/idle-boots-ticking-clock-saff-nears-4230086
Transfer market that refused to wait for World Cup,Football,,https://www.thedailystar.net/sports/football/news/transfer-market-refused-wait-world-cup-4230071
Messi's Inter Miami sign Casemiro,Sports Special,,https://www.thedailystar.net/sports/sports-special/fifa-world-cup-2026/news/messis-inter-miami-sign-casemiro-4230131
"Messi, Rodri, Mbappe headline World Cup Team of the Tournament",Sports Special,,https://www.thedailystar.net/sports/sports-special/fifa-world-cup-2026/news/messi-rodri-mbappe-headline-world-cup-team-the-tournament-4230096
"Why Rodri, not Messi, won the World Cup Golden Ball",Sports Special,,https://www.thedailystar.net/sports/sports-special/fifa-world-cup-2026/news/why-rodri-not-messi-won-the-world-cup-golden-ball-4230091
Mahedi set to face sanction after disciplinary hearing,Cricket,,https://www.thedailystar.net/sports/cricket/news/mahedi-set-face-sanction-after-disciplinary-hearing-4230081
Can Tigers’ batting pass the Australian test?,Cricket,,https://www.thedailystar.net/sports/cricket/news/can-tigers-batting-pass-the-australian-test-4230056
Scaloni’s assistant Ayala ‘regrets’ Olmo clash in final fallout,Sports Special,,https://www.thedailystar.net/sports/sports-special/fifa-world-cup-2026/news/scalonis-assistant-ayala-regrets-olmo-clash-final-fallout-4229996
Man City's Foden signs four-year contract extension,Football,,https://www.thedailystar.net/sports/football/news/man-citys-foden-signs-four-year-contract-extension-4229971
"Italy in touch with Guardiola over coaching vacancy, says Italian FA chief",Football,,https://www.thedailystar.net/sports/football/news/italy-touch-guardiola-over-coaching-vacancy-says-italian-fa-chief-4229861
"Lack of practice matches behind batting debacle in Zim, says Ashraful",Cricket,,https://www.thedailystar.net/sports/cricket/news/lack-practice-matches-behind-batting-debacle-zim-says-ashraful-4229841
Hetmyer steers Windies to consolation win over NZ,Cricket,,https://www.thedailystar.net/sports/cricket/news/hetmyer-steers-windies-consolation-win-over-nz-4229816
The myth surrounding Argentina’s victimhood,Sports Special,,https://www.thedailystar.net/sports/sports-special/fifa-world-cup-2026/news/the-myth-surrounding-argentinas-victimhood-4229766
Rahmat Shah replaces Hashmatullah Shahidi as Afghanistan skipper,Cricket,,https://www.thedailystar.net/sports/cricket/news/hashmatullah-shahidi-steps-down-afghanistan-odi-skipper-4229706
Beyond the past: How Spain won again,Sports Special,,https://www.thedailystar.net/sports/sports-special/fifa-world-cup-2026/news/beyond-the-past-how-spain-won-again-4229681
308 in 104 matches: How the goals were scored,Sports Special,,https://www.thedailystar.net/sports/sports-special/fifa-world-cup-2026/news/308-104-matches-how-the-goals-were-scored-4229676
Messi returns to Rosario for rest after FIFA World Cup 2026 final heartbreak,Sports Special,Messi returns to Rosario for rest after FIFA World Cup 2026 final heartbreak,https://www.thedailystar.net/sports/sports-special/fifa-world-cup-2026/news/messi-returns-rosario-rest-after-fifa-world-cup-2026-final-heartbreak-4229661
"Spain vs Argentina final draws record 63 million US viewers, signals football's mainstream moment",Sports Special,,https://www.thedailystar.net/sports/sports-special/fifa-world-cup-2026/news/spain-vs-argentina-final-draws-record-63-million-us-viewers-signals-footballs-mainstream-moment
Chelsea sign England midfielder Rogers from Villa for reported UK record fee,Football,,https://www.thedailystar.net/sports/football/news/chelsea-sign-england-midfielder-rogers-villa-reported-uk-record-fee-4229636
Rana ‘expected to be fit’ for Darwin Test,Cricket,,https://www.thedailystar.net/sports/cricket/news/rana-expected-be-fit-darwin-test-4229336
Could football's biggest show get even bigger?,Football,,https://www.thedailystar.net/sports/football/news/could-footballs-biggest-show-get-even-bigger-4229216
"Inside Spain's winning formula: Luis Aragones, coach education and football philosophy",Sports Special,,https://www.thedailystar.net/sports/sports-special/fifa-world-cup-2026/news/inside-spains-winning-formula-luis-aragones-coach-education-and-football-philosophy-4229406
‘Pain is difficult to explain’: Dibu Martinez casts doubt on Argentina future,Sports Special,,https://www.thedailystar.net/sports/sports-special/fifa-world-cup-2026/news/pain-difficult-explain-dibu-martinez-casts-doubt-argentina-future-4229286
La Liga chief says FIFA 'destroying football industry',Sports Special,,https://www.thedailystar.net/sports/sports-special/fifa-world-cup-2026/news/la-liga-chief-says-fifa-destroying-football-industry-4229221
Bangladesh seal women's kabaddi series against Nepal,More Sports,,https://www.thedailystar.net/sports/more-sports/news/bangladesh-seal-womens-kabaddi-series-against-nepal-4229201
Beyond the GOAT debate: The unrepeatable era of Messi and Ronaldo,Sports Special,,https://www.thedailystar.net/sports/sports-special/fifa-world-cup-2026/news/beyond-the-goat-debate-the-unrepeatable-era-messi-and-ronaldo-4229181
Aminul hopeful of improved sports diplomacy through India series,Cricket,,https://www.thedailystar.net/sports/cricket/news/aminul-hopeful-improved-sports-diplomacy-through-india-series-4229161
From Spain's surprise pick to football's summit: How de la Fuente remade Spain,Sports Special,,https://www.thedailystar.net/sports/sports-special/fifa-world-cup-2026/news/spains-surprise-pick-footballs-summit-how-de-la-fuente-remade-spain-4229116
Argentina represented themselves in 'best possible way' at World Cup: Fernandez,Sports Special,,https://www.thedailystar.net/sports/sports-special/fifa-world-cup-2026/news/argentina-represented-themselves-best-possible-way-world-cup-fernandez-4229056
CONMEBOL chief backs 64-team World Cup for 2030,Sports Special,,https://www.thedailystar.net/sports/sports-special/fifa-world-cup-2026/news/conmebol-chief-backs-64-team-world-cup-2030-4228971
UEFA chief skipped World Cup final reportedly to show disapproval of FIFA,Sports Special,,https://www.thedailystar.net/sports/sports-special/fifa-world-cup-2026/news/uefa-chief-skipped-world-cup-final-reportedly-show-disapproval-fifa-4228951
Nightmare in broad daylight,Sports Special,,https://www.thedailystar.net/sports/sports-special/fifa-world-cup-2026/news/nightmare-broad-daylight-4228921
Dhaka to host SAFF Championship from Nov 4-17,Football,,https://www.thedailystar.net/sports/football/news/dhaka-host-saff-championship-nov-4-17-4228911
FIFA to investigate World Cup final post-match brawl,Sports Special,,https://www.thedailystar.net/sports/sports-special/fifa-world-cup-2026/news/fifa-investigate-world-cup-final-post-match-brawl-4228886
Arrogance or pride? Argentina grapples with World Cup villain label,Sports Special,,https://www.thedailystar.net/sports/sports-special/fifa-world-cup-2026/news/arrogance-or-pride-argentina-grapples-world-cup-villain-label-4228876
Where it all came full circle,Sports Special,,https://www.thedailystar.net/sports/sports-special/fifa-world-cup-2026/news/where-it-all-came-full-circle-4228426
Thousands welcome home Argentina squad despite World Cup final defeat,Sports Special,,https://www.thedailystar.net/sports/sports-special/fifa-world-cup-2026/news/thousands-welcome-home-argentina-squad-despite-world-cup-final-defeat-4228846
"Australia's Cummins, Hazlewood, Lyon back for Bangladesh Test series",Cricket,,https://www.thedailystar.net/sports/cricket/news/australias-cummins-hazlewood-lyon-back-bangladesh-test-series-4228836
Rodri the commander,Sports Special,,https://www.thedailystar.net/sports/sports-special/fifa-world-cup-2026/news/rodri-the-commander-4228831
"'The pain is immense', says Messi of World Cup defeat",Sports Special,,https://www.thedailystar.net/sports/sports-special/fifa-world-cup-2026/news/the-pain-immense-says-messi-world-cup-defeat-4228711
'Kings of the world': World Cup champs Spain lap up adulation of a million on bus parade,Sports Special,,https://www.thedailystar.net/sports/sports-special/fifa-world-cup-2026/news/world-cup-champs-spain-lap-adulation-million-bus-parade-4228706
Faith forges Spain's golden return,Sports Special,,https://www.thedailystar.net/sports/sports-special/fifa-world-cup-2026/news/faith-forges-spains-golden-return-4228646
"Spain solved Messi, Argentina never found themselves",Sports Special,,https://www.thedailystar.net/sports/sports-special/fifa-world-cup-2026/news/spain-solved-messi-argentina-never-found-themselves-4228641
The Cubarsi wall behind Spain's second star,Sports Special,,https://www.thedailystar.net/sports/sports-special/fifa-world-cup-2026/news/the-cubarsi-wall-behind-spains-second-star-4228491
"'Spain were flawless; Messi lacked support': Alfaz, Sohel Rana Jr",Sports Special,,https://www.thedailystar.net/sports/sports-special/fifa-world-cup-2026/news/spain-were-flawless-messi-lacked-support-alfaz-sohel-rana-jr-4228631
When football beat fury,Sports Special,,https://www.thedailystar.net/sports/sports-special/fifa-world-cup-2026/news/when-football-beat-fury-4228546
"Spain return to top of FIFA rankings, Morocco reach record high",Sports Special,,https://www.thedailystar.net/sports/sports-special/fifa-world-cup-2026/news/spain-return-top-fifa-rankings-morocco-reach-record-high-4228481
Former England captain and manager Kevin Keegan dies at 75,Football,,https://www.thedailystar.net/sports/football/news/former-england-captain-and-manager-kevin-keegan-dies-75-4228416
World Cup winning Spain team land in Madrid,Sports Special,,https://www.thedailystar.net/sports/sports-special/fifa-world-cup-2026/news/world-cup-winning-spain-team-land-madrid-4228366
FIFA emerges as biggest winner,Sports Special,,https://www.thedailystar.net/sports/sports-special/fifa-world-cup-2026/news/fifa-emerges-biggest-winner-4228191
‘It was the toughest tournament in World Cup history’: Rodri,Sports Special,,https://www.thedailystar.net/sports/sports-special/fifa-world-cup-2026/news/it-was-the-toughest-tournament-world-cup-history-rodri-4228186
"Tearful Scaloni, uncertain of Argentina future, leaves World Cup with gratitude",Sports Special,,https://www.thedailystar.net/sports/sports-special/fifa-world-cup-2026/news/tearful-scaloni-uncertain-argentina-future-leaves-world-cup-gratitude-4228181
"It's tattoo time for Cucurella, says De la Fuente",Sports Special,,https://www.thedailystar.net/sports/sports-special/fifa-world-cup-2026/news/its-tattoo-time-cucurella-says-coach-de-la-fuente-4228166
"Five extraordinary weeks, one final whistle",Sports Special,,https://www.thedailystar.net/sports/sports-special/fifa-world-cup-2026/news/five-extraordinary-weeks-one-final-whistle-4227676
'The last of Messi': Argentines mourn loss and end of an era,Sports Special,,https://www.thedailystar.net/sports/sports-special/fifa-world-cup-2026/news/the-last-messi-argentines-mourn-loss-and-end-era-4228101
Argentina run out of late Messi miracles against Spanish machine,Sports Special,,https://www.thedailystar.net/sports/sports-special/fifa-world-cup-2026/news/argentina-run-out-late-messi-miracles-against-spanish-machine-4228096
A family affair: Yamal shares World Cup glory with those who matter most,Sports Special,,https://www.thedailystar.net/sports/sports-special/fifa-world-cup-2026/news/family-affair-yamal-shares-world-cup-glory-those-who-matter-most-4228111
"Should Nico's goal have stood?: VAR, Argentina and the questions that won't go away",Sports Special,,https://www.thedailystar.net/sports/sports-special/fifa-world-cup-2026/news/should-nicos-goal-have-stood-var-argentina-and-the-questions-wont-go-away-4228106
Spain's ball worship delivers World Cup glory and a nation's shared embrace,Sports Special,,https://www.thedailystar.net/sports/sports-special/fifa-world-cup-2026/news/spains-ball-worship-delivers-world-cup-glory-and-nations-shared-embrace-4228091
Enzo Fernandez joins World Cup final red card hall of shame,Sports Special,,https://www.thedailystar.net/sports/sports-special/fifa-world-cup-2026/news/enzo-fernandez-joins-world-cup-final-red-card-hall-shame-4228086
World Cup joy in Yamal's boyhood home as Spain silence Argentina,Sports Special,,https://www.thedailystar.net/sports/sports-special/fifa-world-cup-2026/news/world-cup-joy-lamines-boyhood-home-spain-silence-argentina-4228081
"'Together, we are stronger'",Sports Special,,https://www.thedailystar.net/sports/sports-special/fifa-world-cup-2026/news/together-we-are-stronger-4228076
FIFA World Cup: Roll of Honour,Sports Special,,https://www.thedailystar.net/sports/sports-special/fifa-world-cup-2026/news/fifa-world-cup-roll-honour-4228071
FIFA World Cup 2026 at a glance,Sports Special,FIFA World Cup 2026 at a glance,https://www.thedailystar.net/sports/sports-special/fifa-world-cup-2026/news/fifa-world-cup-2026-glance-4228066
Spain dethrone Argentina in style: Highlights and stats,Sports Special,,https://www.thedailystar.net/sports/sports-special/fifa-world-cup-2026/news/spain-dethrone-argentina-style-highlights-and-stats-4228056
Spain teach Argentina the language of football in lopsided final,Sports Special,,https://www.thedailystar.net/sports/sports-special/fifa-world-cup-2026/news/spain-teach-argentina-the-language-football-lopsided-final-4228051
Spain deserved to win World Cup: Scaloni,Sports Special,,https://www.thedailystar.net/sports/sports-special/fifa-world-cup-2026/news/spain-deserved-win-world-cup-argentinas-scaloni-4228046
Tempers flare at end of Spain-Argentina final,Sports Special,,https://www.thedailystar.net/sports/sports-special/fifa-world-cup-2026/news/tempers-flare-end-spain-argentina-final-4228041
"World Cup belongs to all of Spain, says match-winning Torres",Sports Special,,https://www.thedailystar.net/sports/sports-special/fifa-world-cup-2026/news/world-cup-belongs-all-spain-says-match-winning-torres-4228016
In Pictures: Messi's dejected final bow,Sports Special,,https://www.thedailystar.net/sports/sports-special/fifa-world-cup-2026/news/pictures-messis-dejected-final-bow-4228006
Mbappe first to win World Cup Golden Boot twice,Sports Special,,https://www.thedailystar.net/sports/sports-special/fifa-world-cup-2026/news/mbappe-wins-world-cup-golden-boot-4227976
Spain reign supreme,Sports Special,,https://www.thedailystar.net/sports/sports-special/fifa-world-cup-2026/news/fifa-world-cup-2026-final-spain-0-argentina-0-half-time-4227906
Duckett's sublime century inspires England's series-clinching win over India,Cricket,,https://www.thedailystar.net/sports/cricket/news/ducketts-sublime-century-inspires-englands-series-clinching-win-over-india-4227871
"Argentina make three changes, Spain unchanged for final",Sports Special,,https://www.thedailystar.net/sports/sports-special/fifa-world-cup-2026/news/argentina-make-three-changes-spain-unchanged-world-cup-final-4227766
"With security lines and star-studded spectacle, World Cup prepares for final showdown",Sports Special,,https://www.thedailystar.net/sports/sports-special/fifa-world-cup-2026/news/security-lines-and-star-studded-spectacle-world-cup-prepares-final-showdown-4227726
DS Sport’s World Cup XI: What’s your pick?,Sports Special,,https://www.thedailystar.net/sports/sports-special/fifa-world-cup-2026/news/ds-sports-wc-xi-whats-your-pick-4227701
Messi's Argentina face Spain's cool machine in final rich with personal twists,Sports Special,,https://www.thedailystar.net/sports/sports-special/fifa-world-cup-2026/news/messis-argentina-face-spains-cool-machine-final-rich-personal-twists-4227621
Tanzid hits fifty as Tigers clinch series with dramatic win in third Zimbabwe T20I,Cricket,,https://www.thedailystar.net/sports/cricket/news/tanzid-hits-fifty-tigers-clinch-series-dramatic-win-third-zimbabwe-t20i-4227611
'Argentina have already written a story that we will never forget',Sports Special,,https://www.thedailystar.net/sports/sports-special/fifa-world-cup-2026/news/argentina-have-already-written-story-we-will-never-forget-4227446
World Cup 2026 final: Everything behind the spectacle,Sports Special,World Cup 2026 final: Everything behind the spectacle,https://www.thedailystar.net/sports/sports-special/fifa-world-cup-2026/news/world-cup-2026-final-everything-behind-the-spectacle-4227431
Mbappe certain 'Messi will score' in the final,Sports Special,,https://www.thedailystar.net/sports/sports-special/fifa-world-cup-2026/news/mbappe-certain-messi-will-score-the-final-4227391
Argentina 'like to leave a mark on their opponents',Sports Special,,https://www.thedailystar.net/sports/sports-special/fifa-world-cup-2026/news/argentina-leave-mark-their-opponents-4227351
Three defining duels,Sports Special,,https://www.thedailystar.net/sports/sports-special/fifa-world-cup-2026/news/three-defining-duels-4227346
All you need to know about the finalists,Sports Special,,https://www.thedailystar.net/sports/sports-special/fifa-world-cup-2026/news/all-you-need-know-about-the-finalists-4227326
"Messi, Martinez make Argentina favourites: Hamza",Sports Special,,https://www.thedailystar.net/sports/sports-special/fifa-world-cup-2026/news/messi-martinez-make-argentina-favourites-hamza-4227321
The shot-stoppers’ showdown,Sports Special,,https://www.thedailystar.net/sports/sports-special/fifa-world-cup-2026/news/the-shot-stoppers-showdown-4227316
"Argentina-Spain blockbuster final: All the build-up stories, stats and analysis",Sports Special,,https://www.thedailystar.net/sports/sports-special/fifa-world-cup-2026/news/argentina-spain-blockbuster-final-all-the-build-stories-stats-and-analysis-4227306
Golden double within touching distance for Messi,Sports Special,,https://www.thedailystar.net/sports/sports-special/fifa-world-cup-2026/news/golden-double-within-touching-distance-messi-4227301
‘I’m confident we’ll win’: Nadal backs Spain to beat Argentina in final,Sports Special,,https://www.thedailystar.net/sports/sports-special/fifa-world-cup-2026/news/im-confident-well-win-nadal-backs-spain-beat-argentina-final-4227291
Battle of the icon and the prodigy,Sports Special,,https://www.thedailystar.net/sports/sports-special/fifa-world-cup-2026/news/battle-the-icon-and-the-prodigy-4227266
Old Messi lesson shapes De la Fuente's final plan,Sports Special,,https://www.thedailystar.net/sports/sports-special/fifa-world-cup-2026/news/old-messi-lesson-shapes-de-la-fuentes-final-plan-4227261
All set for a blockbuster final,Sports Special,,https://www.thedailystar.net/sports/sports-special/fifa-world-cup-2026/news/blockbuster-final-awaits-4226861
"Mr. Final: When glory is on the line, Oyarzabal never misses",Sports Special,,https://www.thedailystar.net/sports/sports-special/fifa-world-cup-2026/news/mr-final-when-glory-the-line-oyarzabal-never-misses-4227271
Scaloni wants Argentina to win it for the fans,Sports Special,,https://www.thedailystar.net/sports/sports-special/fifa-world-cup-2026/news/scaloni-wants-argentina-win-it-the-fans-4227256
"Iron wall vs iron will: Argentina, Spain set for epic final",Sports Special,,https://www.thedailystar.net/sports/sports-special/fifa-world-cup-2026/news/iron-wall-vs-iron-will-argentina-spain-set-epic-final-4227251
I’m proud to be part of an elite list: Saka,Sports Special,,https://www.thedailystar.net/sports/sports-special/fifa-world-cup-2026/news/im-proud-be-part-elite-list-saka-4227246
Smoggy New Jersey: Spain cancel final tuneup; Argentina practice after weather delay,Sports Special,,https://www.thedailystar.net/sports/sports-special/fifa-world-cup-2026/news/smoggy-new-jersey-spain-cancel-final-tuneup-argentina-practice-after-weather-delay-4227241
Saka hattrick seals third place for England in 10-goal thriller,Sports Special,,https://www.thedailystar.net/sports/sports-special/fifa-world-cup-2026/news/saka-hattrick-seals-third-place-england-10-goal-thriller-4227216
Mbappe becomes World Cup all-time top scorer with 22 goals,Sports Special,,https://www.thedailystar.net/sports/sports-special/fifa-world-cup-2026/news/mbappe-becomes-world-cup-all-time-top-scorer-22-goals-4227206
Latin America's unlikely football unity: cheering against Argentina,Sports Special,,https://www.thedailystar.net/sports/sports-special/fifa-world-cup-2026/news/latin-americas-unlikely-football-unity-cheering-against-argentina-4227056
Bangladesh crowned Women's Junior AHF Cup champions,More Sports,,https://www.thedailystar.net/sports/more-sports/news/bangladesh-crowned-womens-junior-ahf-cup-champions-4227006
"NSC reshuffles 27 sports federations, names Shukla head of women's sports association",More Sports,,https://www.thedailystar.net/sports/more-sports/news/nsc-reshuffles-27-sports-federations-names-shukla-head-womens-sports-association-4226921
Spain's final training session delayed due to thunderstorm,Sports Special,,https://www.thedailystar.net/sports/sports-special/fifa-world-cup-2026/news/spains-final-training-session-delayed-due-thunderstorm-4226871
FIFA's ticket price gamble pays off,Sports Special,,https://www.thedailystar.net/sports/sports-special/fifa-world-cup-2026/news/fifas-ticket-price-gamble-pays-4226846
Del Bosque tells Spain not to underestimate 'nuisance' Argentina,Sports Special,,https://www.thedailystar.net/sports/sports-special/fifa-world-cup-2026/news/del-bosque-tells-spain-not-underestimate-nuisance-argentina-4226781
From Maradona to Messi: Bangladesh's enduring love for Argentina,Sports Special,,https://www.thedailystar.net/sports/sports-special/fifa-world-cup-2026/news/maradona-messi-bangladeshs-enduring-love-argentina-4226686
Rodri preparing for 'physical' Argentina battle,Sports Special,,https://www.thedailystar.net/sports/sports-special/fifa-world-cup-2026/news/rodri-preparing-physical-argentina-battle-4226681
Golden Boot: The only prize left for Mbappe to chase,Sports Special,,https://www.thedailystar.net/sports/sports-special/fifa-world-cup-2026/news/golden-boot-the-only-prize-left-mbappe-chase-4226446
"No man-marking Messi in final, insists Spain coach",Sports Special,,https://www.thedailystar.net/sports/sports-special/fifa-world-cup-2026/news/no-man-marking-messi-final-insists-spain-coach-4226646
Trump says USA should host another World Cup without Mexico/Canada,Sports Special,,https://www.thedailystar.net/sports/sports-special/fifa-world-cup-2026/news/trump-says-usa-should-host-another-world-cup-without-mexicocanada-4226631
Why FIFA keeps the World Cup third-place play-off,Sports Special,,https://www.thedailystar.net/sports/sports-special/fifa-world-cup-2026/news/why-fifa-keeps-the-world-cup-third-place-play-4226616
"Frustrations abound as France, England face off in third-place match",Sports Special,,https://www.thedailystar.net/sports/sports-special/fifa-world-cup-2026/news/frustrations-abound-france-england-face-third-place-match-4226606
Yamal is the best player  right now: Hamza,Sports Special,,https://www.thedailystar.net/sports/sports-special/fifa-world-cup-2026/news/yamal-the-best-player-right-now-hamza-4226571
'That photo is crazy': Messi wishes Yamal well - just not in the final,Sports Special,,https://www.thedailystar.net/sports/sports-special/fifa-world-cup-2026/news/photo-crazy-messi-wishes-yamal-well-just-not-the-final-4226566
Yamal is the best player  right now: Hamza,Sports Special,,https://www.thedailystar.net/sports/sports-special/fifa-world-cup-2026/news/yamal-the-best-player-right-now-hamza-4226561
Pele's 1958 World Cup final shirt sells for $4.9 million,Football,,https://www.thedailystar.net/sports/football/news/peles-1958-world-cup-final-shirt-sells-49-million-4226556
Sobers 'stood out' among the greats: Michael Holding,Cricket,,https://www.thedailystar.net/sports/cricket/news/sobers-stood-out-among-the-greats-michael-holding-4226551
A poetic passing of the torch,Sports Special,,https://www.thedailystar.net/sports/sports-special/fifa-world-cup-2026/news/poetic-passing-the-torch-4226441
France aim to win 'Chocolate Medal' for departing coach Deschamps,Sports Special,,https://www.thedailystar.net/sports/sports-special/fifa-world-cup-2026/news/france-aim-win-chocolate-medal-departing-coach-deschamps-4226536
"For Diego they play, and win for their 10",Sports Special,,https://www.thedailystar.net/sports/sports-special/fifa-world-cup-2026/news/diego-they-play-and-win-their-10-4226246
'Great innings comes to an end',Cricket,,https://www.thedailystar.net/sports/cricket/news/great-innings-comes-end-4226271
Bangladesh strike first in five-match series against Nepal,More Sports,,https://www.thedailystar.net/sports/more-sports/news/bangladesh-strike-first-five-match-series-against-nepal-4226251
Sir Garry Sobers dies at 89,Cricket,,https://www.thedailystar.net/sports/cricket/news/sir-gary-sobers-dies-89-4226236
"Argentina, Spain to wear home kits in World Cup final",Sports Special,,https://www.thedailystar.net/sports/sports-special/fifa-world-cup-2026/news/argentina-spain-wear-home-kits-world-cup-final-4226221
"Saifuddin fireworks, Rishad four-fer keep Tigers alive",Cricket,,https://www.thedailystar.net/sports/cricket/news/saifuddin-fireworks-rishad-four-keep-tigers-alive-4226216
Argentina President Milei says he won't attend World Cup final out of superstition,Sports Special,,https://www.thedailystar.net/sports/sports-special/fifa-world-cup-2026/news/argentina-president-milei-says-he-wont-attend-world-cup-final-out-superstition-4226196
Spain's PM Sanchez to attend World Cup final alongside Trump amid tensions,Sports Special,,https://www.thedailystar.net/sports/sports-special/fifa-world-cup-2026/news/spains-pm-sanchez-attend-world-cup-final-alongside-trump-amid-tensions-4226191
Flower rules out England coaching role,Cricket,,https://www.thedailystar.net/sports/cricket/news/flower-rules-out-england-coaching-role-4226181
"Enzo arrives in New York, keeps 'Topo Gigio' alive",Sports Special,,https://www.thedailystar.net/sports/sports-special/fifa-world-cup-2026/news/enzo-arrives-new-york-keeps-topo-gigio-alive-4226146
Argentina await FIFA decision over displaying World Cup Falklands banner,Sports Special,,https://www.thedailystar.net/sports/sports-special/fifa-world-cup-2026/news/argentina-await-fifa-decision-over-displaying-world-cup-falklands-banner-4226116
Pakistan cricketer handed three-month ban over positive drugs test,Cricket,,https://www.thedailystar.net/sports/cricket/news/pakistan-cricketer-handed-three-month-ban-over-positive-drugs-test-4226111
Slovenian referee Vincic to officiate Argentina-Spain final,Sports Special,,https://www.thedailystar.net/sports/sports-special/fifa-world-cup-2026/news/slovenian-referee-vincic-officiate-argentina-spain-final-4226096
Sri Lanka arrests T20 team owner over match-fixing,Cricket,,https://www.thedailystar.net/sports/cricket/news/sri-lanka-arrests-t20-team-owner-over-match-fixing-4226091
First-ever championship rings to be presented to World Cup winners,Sports Special,,https://www.thedailystar.net/sports/sports-special/fifa-world-cup-2026/news/first-ever-championship-rings-be-presented-world-cup-winners-4226066
Scaloni turns Argentina's weakness into a weapon,Sports Special,,https://www.thedailystar.net/sports/sports-special/fifa-world-cup-2026/news/scaloni-turns-argentinas-weakness-weapon-4226056
When calling Messi GOAT is no longer enough,Sports Special,,https://www.thedailystar.net/sports/sports-special/fifa-world-cup-2026/news/when-calling-messi-goat-no-longer-enough-4226046
The rise of the World Cup buzzkills,Sports Special,,https://www.thedailystar.net/sports/sports-special/fifa-world-cup-2026/news/the-rise-the-world-cup-buzzkills-4226041
Porro picks perfect moment to make Spain's right-back spot his own,Sports Special,,https://www.thedailystar.net/sports/sports-special/fifa-world-cup-2026/news/porro-picks-perfect-moment-make-spains-right-back-spot-his-own-4226036
Argentina's semifinal win over England sets viewership record,Sports Special,,https://www.thedailystar.net/sports/sports-special/fifa-world-cup-2026/news/argentinas-semifinal-win-over-england-sets-viewership-record-4226006
Unbeaten Bangladesh march into Women’s Junior AHF Cup hockey final,More Sports,,https://www.thedailystar.net/sports/more-sports/news/unbeaten-bangladesh-march-womens-junior-ahf-cup-hockey-final-4225996
A final forged by La Masia,Sports Special,,https://www.thedailystar.net/sports/sports-special/fifa-world-cup-2026/news/final-forged-la-masia-4225986
Root's 99 not out sees England to ODI series-levelling win over India,Cricket,,https://www.thedailystar.net/sports/cricket/news/roots-99-not-out-sees-england-odi-series-levelling-win-over-india-4225976
When Tuchel and Deschamps forgot 'The Art of War',Sports Special,,https://www.thedailystar.net/sports/sports-special/fifa-world-cup-2026/news/when-tuchel-and-deschamps-forgot-the-art-war-4225966
Messi is inevitable,Sports Special,,https://www.thedailystar.net/sports/sports-special/fifa-world-cup-2026/news/messi-inevitable-4225576
The night England denied football a classic,Sports Special,,https://www.thedailystar.net/sports/sports-special/fifa-world-cup-2026/news/the-night-england-denied-football-classic-4225861
"Yamal, Porro train separately as Spain sweat over fitness concern",Sports Special,,https://www.thedailystar.net/sports/sports-special/fifa-world-cup-2026/news/yamal-porro-train-separately-spain-sweat-over-fitness-concern-4225851
Supporting cast delivers defining moments,Sports Special,,https://www.thedailystar.net/sports/sports-special/fifa-world-cup-2026/news/supporting-cast-defining-moments-4225846
Argentina's late fightback no surprise to Messi,Sports Special,,https://www.thedailystar.net/sports/sports-special/fifa-world-cup-2026/news/argentinas-late-fightback-no-surprise-messi-4225596
From Maradona to Messi: A love story across generations,Sports Special,,https://www.thedailystar.net/sports/sports-special/fifa-world-cup-2026/news/maradona-messi-love-story-across-generations-4225586
'Lost his Tuch?': Tuchel hammered by media after World Cup exit,Sports Special,,https://www.thedailystar.net/sports/sports-special/fifa-world-cup-2026/news/lost-his-tuch-tuchel-hammered-media-after-world-cup-exit-4225531
Messi-Yamal viral photo comes full circle after 18 years,Sports Special,,https://www.thedailystar.net/sports/sports-special/fifa-world-cup-2026/news/messi-yamal-viral-photo-comes-full-circle-after-18-years-4225511
"No goal, no problem: Messi moves ahead of Mbappe for elusive Golden Boot",Sports Special,,https://www.thedailystar.net/sports/sports-special/fifa-world-cup-2026/news/no-goal-no-problem-messi-moves-ahead-mbappe-elusive-golden-boot-4225376
Mentality monsters drive Argentina forward,Sports Special,,https://www.thedailystar.net/sports/sports-special/fifa-world-cup-2026/news/mentality-monsters-drive-argentina-forward-4225331
Giuliano Simeone: From leg fracture to running his way into Argentine folklore,Sports Special,,https://www.thedailystar.net/sports/sports-special/fifa-world-cup-2026/news/giuliano-simeone-leg-fracture-running-his-way-argentine-folklore-4225296
Argentina's dramatic comeback win over England: What they said,Sports Special,,https://www.thedailystar.net/sports/sports-special/fifa-world-cup-2026/news/argentinas-dramatic-comeback-win-over-england-what-they-said-4225256
In pictures: Argentina's journey to the final,Sports Special,,https://www.thedailystar.net/sports/sports-special/fifa-world-cup-2026/news/pictures-argentinas-journey-the-final-4225251
Tuchel has ‘no regrets’ over strategy,Sports Special,,https://www.thedailystar.net/sports/sports-special/fifa-world-cup-2026/news/tuchel-has-no-regrets-over-strategy-4225236
Messi hails 'special' win over England,Sports Special,,https://www.thedailystar.net/sports/sports-special/fifa-world-cup-2026/news/messi-hails-special-win-over-england-4225231
The hurt goes on: England pay the price for playing not to lose,Sports Special,,https://www.thedailystar.net/sports/sports-special/fifa-world-cup-2026/news/the-hurt-goes-england-pay-the-price-playing-not-lose-4225221
England's bid to hang on blown apart by Argentina masterclass,Sports Special,,https://www.thedailystar.net/sports/sports-special/fifa-world-cup-2026/news/englands-bid-hang-blown-apart-argentina-masterclass-4225216
"Chaos, comeback, classic: A semifinal that delivered",Sports Special,,https://www.thedailystar.net/sports/sports-special/fifa-world-cup-2026/news/chaos-comeback-classic-semifinal-delivered-4225191
"The beautiful game, the familiar political echoes",Sports Special,,https://www.thedailystar.net/sports/sports-special/fifa-world-cup-2026/news/the-beautiful-game-the-familiar-political-echoes-4225186
"Messi, Argentina, World Cup final again: Records and highlights",Sports Special,,https://www.thedailystar.net/sports/sports-special/fifa-world-cup-2026/news/messi-argentina-world-cup-final-again-records-and-highlights-4225176
Resilient Argentina refuse to fall,Sports Special,,https://www.thedailystar.net/sports/sports-special/fifa-world-cup-2026/news/resilient-argentina-refuse-fall-4225166
"'When we went ahead, the message was to get another goal': Kane rues England retreat",Sports Special,,https://www.thedailystar.net/sports/sports-special/fifa-world-cup-2026/news/when-we-went-ahead-the-message-was-get-another-goal-kane-rues-england-retreat-4225156
‘We are unique’,Sports Special,,https://www.thedailystar.net/sports/sports-special/fifa-world-cup-2026/news/we-are-unique-4225136
Cucurella a chaos merchant,Sports Special,,https://www.thedailystar.net/sports/sports-special/fifa-world-cup-2026/news/cucurella-chaos-merchant-4225126
Messi's Argentina stun England in comeback to set up final against Spain,Sports Special,,https://www.thedailystar.net/sports/sports-special/fifa-world-cup-2026/news/argentina-beat-england-2-1-reach-world-cup-final-4225121
France’s golden generation left heartbroken as Zidane era beckons,Football,,https://www.thedailystar.net/sports/football/news/frances-golden-generation-left-heartbroken-zidane-era-beckons-4225086
"De Paul dropped, James returns as Argentina, England name semifinal XI",Sports Special,,https://www.thedailystar.net/sports/sports-special/fifa-world-cup-2026/news/de-paul-dropped-james-returns-argentina-england-name-semifinal-xi-4225076
"Messi, Bellingham and history collide in Argentina-England semifinal",Sports Special,,https://www.thedailystar.net/sports/sports-special/fifa-world-cup-2026/news/messi-bellingham-and-history-collide-argentina-england-semifinal-4225006
"Nobody can stop Messi, says Hamza",Sports Special,,https://www.thedailystar.net/sports/sports-special/fifa-world-cup-2026/news/nobody-can-stop-messi-says-hamza-4224986
"Pulled from the pool, back on top: Maisha's golden comeback",More Sports,,https://www.thedailystar.net/sports/more-sports/news/pulled-the-pool-back-top-maishas-golden-comeback-4224906
'We play against the usurping pirates': Argentina VP turns up heat before England semi,Sports Special,,https://www.thedailystar.net/sports/sports-special/fifa-world-cup-2026/news/we-play-against-the-usurping-pirates-argentina-vp-turns-heat-england-semi-4224831
"Heading caused World Cup winner Nobby Stiles' brain disease, coroner rules",Football,,https://www.thedailystar.net/sports/football/news/heading-caused-world-cup-winner-nobby-stiles-brain-disease-coroner-rules-4224826
Tactical masterclass trumps rigidity,Sports Special,,https://www.thedailystar.net/sports/sports-special/fifa-world-cup-2026/news/tactical-masterclass-trumps-rigidity-4224771
"Ngarava, Muzarabani sink Bangladesh in T20I opener",Cricket,,https://www.thedailystar.net/sports/cricket/news/ngarava-muzarabani-sink-bangladesh-t20i-opener-4224796
Cucurella a chaos merchant,Sports Special,,https://www.thedailystar.net/sports/sports-special/fifa-world-cup-2026/news/cucurella-chaos-merchant-4224791
Immortality eludes Mbappe,Sports Special,,https://www.thedailystar.net/sports/sports-special/fifa-world-cup-2026/news/immortality-eludes-mbappe-4224781
Spanish symphony silences French heavy metal,Sports Special,,https://www.thedailystar.net/sports/sports-special/fifa-world-cup-2026/news/spanish-symphony-silences-french-heavy-metal-revive-glorious-2010-spirit-4224761
Cricket World Cup revamp could see extra India-Pakistan clash,Cricket,,https://www.thedailystar.net/sports/cricket/news/cricket-world-cup-revamp-could-see-extra-india-pakistan-clash-4224696
Pedro Porro recreates heartwarming father-son celebration after scoring against France,Sports Special,,https://www.thedailystar.net/sports/sports-special/fifa-world-cup-2026/news/pedro-porro-recreates-heartwarming-father-son-celebration-after-scoring-against-france-4224681
Will Argentina-England deliver after France-Spain's one-sided show?,Sports Special,,https://www.thedailystar.net/sports/sports-special/fifa-world-cup-2026/news/will-argentina-england-deliver-after-france-spains-one-sided-show-4224616
Attempted burglary at Yamal's home after World Cup triumph,Sports Special,,https://www.thedailystar.net/sports/sports-special/fifa-world-cup-2026/news/attempted-burglary-yamals-home-after-world-cup-triumph-4224601
The first time football brought me to tears,Sports Special,,https://www.thedailystar.net/sports/sports-special/fifa-world-cup-2026/news/the-first-time-football-brought-me-tears-4224531
Russian Haaland lookalike says viral video felt 'like a dream',Sports Special,,https://www.thedailystar.net/sports/sports-special/fifa-world-cup-2026/news/russian-haaland-lookalike-says-viral-video-felt-dream-4224471
"European Athletics, broadcasters issue guidelines on preventing sexualisation of female athletes",More Sports,,https://www.thedailystar.net/sports/more-sports/athletics/news/european-athletics-broadcasters-issue-guidelines-preventing-sexualisation-female-athletes-4224446
What 1990 World Cup teaches Messi's Argentina about modern resentment,Sports Special,,https://www.thedailystar.net/sports/sports-special/fifa-world-cup-2026/news/what-1990-world-cup-teaches-messis-argentina-about-modern-resentment-4224441
Declan Rice fit to start for England against Argentina,Sports Special,,https://www.thedailystar.net/sports/sports-special/fifa-world-cup-2026/news/declan-rice-fit-start-england-world-cup-semifinal-4224376
Gloves and glory on the line,Sports Special,,https://www.thedailystar.net/sports/sports-special/fifa-world-cup-2026/news/gloves-and-glory-the-line-4224346
"Spain’s smashing win vs France: All stories, reaction, analysis and records",Sports Special,,https://www.thedailystar.net/sports/sports-special/fifa-world-cup-2026/news/spains-smashing-win-vs-france-all-stories-reaction-analysis-and-records-4224326
World Cup's political fault lines,Sports Special,,https://www.thedailystar.net/sports/sports-special/fifa-world-cup-2026/news/world-cups-political-fault-lines-4224281
Argentina vs England semifinal: Key stats,Sports Special,,https://www.thedailystar.net/sports/sports-special/fifa-world-cup-2026/news/argentina-vs-england-semifinal-key-stats-4224271
Messi's lucky charm? Argentina star unbeaten with Elfath as referee,Sports Special,,https://www.thedailystar.net/sports/sports-special/fifa-world-cup-2026/news/messis-lucky-charm-argentina-star-unbeaten-elfath-referee-4224261
Bellingham turns doubters into believers,Sports Special,,https://www.thedailystar.net/sports/sports-special/fifa-world-cup-2026/news/bellingham-turns-doubters-believers-4224116
Tuchel understands Argentina's dark blue-kit superstition,Sports Special,,https://www.thedailystar.net/sports/sports-special/fifa-world-cup-2026/news/tuchel-understands-argentinas-dark-blue-kit-superstition-4224251
"VAR, Messi and World Cup's consistency crisis",Sports Special,,https://www.thedailystar.net/sports/sports-special/fifa-world-cup-2026/news/var-messi-and-world-cups-consistency-crisis-4224246
Now or never in Atlanta,Sports Special,,https://www.thedailystar.net/sports/sports-special/fifa-world-cup-2026/news/now-or-never-atlanta-4224241
Mac Allister calls on Argentina to channel Maradona spirit in England World Cup clash,Sports Special,,https://www.thedailystar.net/sports/sports-special/fifa-world-cup-2026/news/mac-allister-calls-argentina-channel-maradona-spirit-england-world-cup-clash-4224221
Spain's quiet talismans outplay star-studded France,Sports Special,,https://www.thedailystar.net/sports/sports-special/fifa-world-cup-2026/news/spains-quiet-talismans-outplay-star-studded-france-4224146
Spain's Porro says 'dream come true' to reach World Cup final,Sports Special,,https://www.thedailystar.net/sports/sports-special/fifa-world-cup-2026/news/spains-porro-says-dream-come-true-reach-world-cup-final-4224216
'Immense disappointment': Mbappe rues end of World Cup dream,Sports Special,,https://www.thedailystar.net/sports/sports-special/fifa-world-cup-2026/news/immense-disappointment-mbappe-rues-end-world-cup-dream-4224211
'Is the referee at the level required to officiate a World Cup semifinal?': Deschamps after Spain defeat,Sports Special,,https://www.thedailystar.net/sports/sports-special/fifa-world-cup-2026/news/the-referee-the-level-required-officiate-world-cup-semifinal-deschamps-after-spain-defeat-4224206
De la Fuente salutes 'best team in world' Spain after victory over France,Sports Special,,https://www.thedailystar.net/sports/sports-special/fifa-world-cup-2026/news/de-la-fuente-salutes-best-team-world-spain-after-france-upset-4224151
Records after Spain's victory over France,Sports Special,,https://www.thedailystar.net/sports/sports-special/fifa-world-cup-2026/news/records-after-spains-victory-over-france-4224156
Spain choke the life out of France,Sports Special,,https://www.thedailystar.net/sports/sports-special/fifa-world-cup-2026/news/spain-choke-the-life-out-france-4224141
What's the story behind Yamal's headband?,Sports Special,,https://www.thedailystar.net/sports/sports-special/fifa-world-cup-2026/news/whats-the-story-behind-yamals-headband-4224131
Spain outclass France 2-0 to reach World Cup final,Sports Special,,https://www.thedailystar.net/sports/sports-special/fifa-world-cup-2026/news/spain-outclass-france-2-0-reach-world-cup-final-4224126
Freezing Kane: Argentina fans turn to superstitions ahead of England clash,Sports Special,,https://www.thedailystar.net/sports/sports-special/fifa-world-cup-2026/news/freezing-kane-argentina-fans-turn-superstitions-ahead-england-clash-4224111
Tigers look to turn the tide in T20Is,Cricket,,https://www.thedailystar.net/sports/cricket/news/tigers-look-turn-the-tide-t20is-4224106
India ease to six-wicket win over England in first ODI,Cricket,,https://www.thedailystar.net/sports/cricket/news/india-ease-six-wicket-win-over-england-first-odi-4224091
Govt seeks 8 bighas of land for playground in every union,Sports,,https://www.thedailystar.net/sports/news/govt-seeks-8-bighas-land-playground-every-union-4224086
"Barcola, Tchouameni start for France, Spain unchanged",Sports Special,,https://www.thedailystar.net/sports/sports-special/fifa-world-cup-2026/news/barcola-tchouameni-start-france-spain-unchanged-4224071
Bangladesh head to Commonwealth Games 'to protect membership',More Sports,,https://www.thedailystar.net/sports/more-sports/news/bangladesh-head-commonwealth-games-protect-membership-4223791
"France vs Spain semifinal: All build-up stories, analysis and stats",Sports Special,,https://www.thedailystar.net/sports/sports-special/fifa-world-cup-2026/news/france-vs-spain-semifinal-all-build-stories-analysis-and-stats-4223731
Norway receive heroes' welcome in Oslo after World Cup exit,Sports Special,,https://www.thedailystar.net/sports/sports-special/fifa-world-cup-2026/news/norway-receive-heroes-welcome-oslo-after-world-cup-exit-4223591
What being a Messi or Ronaldo fan says about you,Sports Special,,https://www.thedailystar.net/sports/sports-special/fifa-world-cup-2026/news/what-being-messi-or-ronaldo-fan-says-about-you-4223586
Birthday boy Yamal says football must unite,Sports Special,,https://www.thedailystar.net/sports/sports-special/fifa-world-cup-2026/news/birthday-boy-yamal-says-football-must-unite-4223551
McCullum apologises for England's Test results,Cricket,,https://www.thedailystar.net/sports/cricket/news/mccullum-apologises-englands-test-results-4223501
How Spain forced France to evolve,Sports Special,,https://www.thedailystar.net/sports/sports-special/fifa-world-cup-2026/news/how-spain-forced-france-evolve-4223481
Essence of unpredictability as France face Spain,Sports Special,,https://www.thedailystar.net/sports/sports-special/fifa-world-cup-2026/news/essence-unpredictability-france-face-spain-4223456
Spain to go on 'front foot' against France: De la Fuente,Sports Special,,https://www.thedailystar.net/sports/sports-special/fifa-world-cup-2026/news/spain-go-front-foot-against-france-de-la-fuente-4223451
Argentina's war veterans urge fans to separate World Cup clash from Falklands dispute,Sports Special,,https://www.thedailystar.net/sports/sports-special/fifa-world-cup-2026/news/argentinas-war-veterans-urge-fans-separate-world-cup-clash-falklands-dispute-4223436
I will choose Mbappe over Yamal: Hamza,Sports Special,,https://www.thedailystar.net/sports/sports-special/fifa-world-cup-2026/news/i-will-choose-mbappe-over-yamal-hamza-4223431
France vs Spain semifinal: Key stats,Sports Special,,https://www.thedailystar.net/sports/sports-special/fifa-world-cup-2026/news/france-vs-spain-semifinal-key-stats-4223421
Mbappe paradox fuels club vs country debate as France face Spain,Sports Special,,https://www.thedailystar.net/sports/sports-special/fifa-world-cup-2026/news/mbappe-paradox-fuels-club-vs-country-debate-france-face-spain-4223416
'VARgentina' reach semifinals under cloud of complaints,Sports Special,,https://www.thedailystar.net/sports/sports-special/fifa-world-cup-2026/news/vargentina-reach-semifinals-under-cloud-complaints-4223411
One can't expect more from a World Cup,Sports Special,,https://www.thedailystar.net/sports/sports-special/fifa-world-cup-2026/news/one-cant-expect-more-world-cup-4223391
Why Argentina coach Scaloni cannot play safe against Tuchel’s England,Sports Special,,https://www.thedailystar.net/sports/sports-special/fifa-world-cup-2026/news/why-argentina-coach-scaloni-cannot-play-safe-against-tuchels-england-4223321
Forlan set to replace Bielsa as interim Uruguay coach,Sports Special,,https://www.thedailystar.net/sports/sports-special/fifa-world-cup-2026/news/forlan-set-replace-bielsa-interim-uruguay-coach-4223291
Scaloni's quiet climb: From Argentina's poisoned chalice to football immortality,Sports Special,,https://www.thedailystar.net/sports/sports-special/fifa-world-cup-2026/news/scalonis-quiet-revolution-carries-argentina-towards-england-showdown-4223141
IM Neer beats GM Glek to keep winning run,More Sports,,https://www.thedailystar.net/sports/more-sports/news/im-neer-beats-gm-glek-keep-winning-run-4223071
Azim claims fifth record in age-group swimming,More Sports,,https://www.thedailystar.net/sports/more-sports/news/azim-claims-fifth-record-age-group-swimming-4223041
Road to the last four: How France and Spain fueled their World Cup runs,Sports Special,,https://www.thedailystar.net/sports/sports-special/fifa-world-cup-2026/news/road-the-last-four-how-france-and-spain-fueled-their-world-cup-runs-4223026
From Calchin to summit: The making of ‘spider’ Julian Alvarez,Sports Special,,https://www.thedailystar.net/sports/sports-special/fifa-world-cup-2026/news/calchin-summit-the-making-spider-julian-alvarez-4222996
Slaven Bilic returns as Croatia coach,Sports Special,,https://www.thedailystar.net/sports/sports-special/fifa-world-cup-2026/news/slaven-bilic-returns-croatia-coach-4222981
No pass to Haaland: Sorloth faces online abuse after Norway's WC exit,Sports Special,,https://www.thedailystar.net/sports/sports-special/fifa-world-cup-2026/news/no-pass-haaland-sorloth-faces-online-abuse-after-norways-wc-exit-4222911
India thrash England in historic women's Test at Lord's,Cricket,,https://www.thedailystar.net/sports/cricket/news/india-thrash-england-historic-womens-test-lords-4222886
'Bellingham reminds me of Zidane': Terry hails England star's World Cup heroics,Sports Special,,https://www.thedailystar.net/sports/sports-special/fifa-world-cup-2026/news/bellingham-reminds-me-zidane-terry-hails-england-stars-world-cup-heroics-4222821
"Barcelona lead clubs’ WC final four roll call, Atletico and Arsenal close behind",Sports Special,,https://www.thedailystar.net/sports/sports-special/fifa-world-cup-2026/news/barcelona-lead-clubs-wc-final-four-roll-call-atletico-and-arsenal-close-behind-4222761
Argentina to don navy blue kit for England semifinal,Sports Special,,https://www.thedailystar.net/sports/sports-special/fifa-world-cup-2026/news/argentina-don-navy-blue-kit-england-world-cup-semi-4222711
Jannik Sinner: Quiet man of tennis basks in the limelight,Tennis,,https://www.thedailystar.net/sports/more-sports/tennis/news/jannik-sinner-quiet-man-tennis-basks-the-limelight-4222661
"An odyssey ends, belief begins",Sports Special,,https://www.thedailystar.net/sports/sports-special/fifa-world-cup-2026/news/odyssey-ends-belief-begins-4222646
When history walks onto the pitch,Sports Special,,https://www.thedailystar.net/sports/sports-special/fifa-world-cup-2026/news/when-history-walks-the-pitch-4222636
Yamal aims to steal Mbappe's thunder in semifinal showdown,Sports Special,,https://www.thedailystar.net/sports/sports-special/fifa-world-cup-2026/news/yamal-aims-steal-mbappes-thunder-semifinal-showdown-4222631
'Everyone should be excited': Did you know Messi has never faced England?,Sports Special,,https://www.thedailystar.net/sports/sports-special/fifa-world-cup-2026/news/everyone-should-be-excited-did-you-know-messi-has-never-faced-england-4222621
FIFA World Cup 2026 gets set for pair of blockbuster semifinals,Sports Special,FIFA World Cup 2026 gets set for pair of blockbuster semifinals,https://www.thedailystar.net/sports/sports-special/fifa-world-cup-2026/news/fifa-world-cup-2026-gets-set-pair-blockbuster-semifinals-4222611
How much more can Argentina endure?,Sports Special,,https://www.thedailystar.net/sports/sports-special/fifa-world-cup-2026/news/how-much-more-can-argentina-endure-4222361
"No Hand of God, no politics, only football, says Scaloni",Sports Special,,https://www.thedailystar.net/sports/sports-special/fifa-world-cup-2026/news/no-hand-god-no-politics-only-football-says-scaloni-4222591
'It's amazing': Sinner revels in Wimbledon glory after Zverev battle,Tennis,,https://www.thedailystar.net/sports/more-sports/tennis/news/its-amazing-sinner-revels-wimbledon-glory-after-zverev-battle-4222531
Irrepressible Sinner outlasts Zverev to win second straight Wimbledon title,Tennis,,https://www.thedailystar.net/sports/more-sports/tennis/news/irrepressible-sinner-outlasts-zverev-win-second-straight-wimbledon-title-4222516
Alvarez answers Argentina's call,Sports Special,,https://www.thedailystar.net/sports/sports-special/fifa-world-cup-2026/news/alvarez-answers-argentinas-call-4222231
"Law says dropped ball, FIFA says no wire touch",Sports Special,,https://www.thedailystar.net/sports/sports-special/fifa-world-cup-2026/news/law-says-dropped-ball-fifa-says-no-wire-touch-4222251
The pass that never came,Sports Special,,https://www.thedailystar.net/sports/sports-special/fifa-world-cup-2026/news/the-pass-never-came-4222236
Have Argentina finally solved their striker dilemma?,Sports Special,,https://www.thedailystar.net/sports/sports-special/fifa-world-cup-2026/news/have-argentina-finally-solved-their-striker-dilemma-4222241
Embolo's second yellow against Argentina explained,Sports Special,,https://www.thedailystar.net/sports/sports-special/fifa-world-cup-2026/news/embolos-second-yellow-against-argentina-explained-4222226
64-Team World Cup?: FIFA set for discussion,Sports Special,,https://www.thedailystar.net/sports/sports-special/fifa-world-cup-2026/news/64-team-world-cup-fifa-set-discussion-4222221
Five more records on Day 2 of age-group swimming,More Sports,,https://www.thedailystar.net/sports/more-sports/news/five-more-records-day-2-age-group-swimming-4222201
McCullum sacked as England Test coach,Cricket,,https://www.thedailystar.net/sports/cricket/news/mccullum-stands-down-england-test-cricket-coach-4222191
Confident Zverev faces ultimate test against Sinner,Tennis,,https://www.thedailystar.net/sports/more-sports/tennis/news/confident-zverev-faces-ultimate-test-against-sinner-4221916
Colombian player receives death threats after World Cup exit,Sports Special,,https://www.thedailystar.net/sports/sports-special/fifa-world-cup-2026/news/colombian-player-receives-death-threats-after-world-cup-exit-4221911
"Suffering is in Argentina's DNA, says Scaloni",Sports Special,,https://www.thedailystar.net/sports/sports-special/fifa-world-cup-2026/news/suffering-argentinas-dna-says-scaloni-4221886
How an Arsenal emergency unearthed Spain's World Cup super-sub,Sports Special,,https://www.thedailystar.net/sports/sports-special/fifa-world-cup-2026/news/how-arsenal-emergency-unearthed-spains-world-cup-super-sub-4221901
Switzerland coach blasts 'unacceptable' VAR rule,Sports Special,,https://www.thedailystar.net/sports/sports-special/fifa-world-cup-2026/news/switzerland-coach-blasts-unacceptable-var-rule-4221876
'Don't disrespect me': Messi's message to Portuguese referee,Sports Special,,https://www.thedailystar.net/sports/sports-special/fifa-world-cup-2026/news/dont-disrespect-me-messis-message-portuguese-referee-4221861
Fortune favours the giants on the road to Atlanta,Sports Special,,https://www.thedailystar.net/sports/sports-special/fifa-world-cup-2026/news/fortune-favours-the-giants-the-road-atlanta-4221851
Scaloni's men ride a plucky quarterfinal tie,Sports Special,,https://www.thedailystar.net/sports/sports-special/fifa-world-cup-2026/news/scalonis-men-ride-plucky-quarterfinal-tie-4221836
Argentina 3-1 Switzerland: Key stats,Sports Special,,https://www.thedailystar.net/sports/sports-special/fifa-world-cup-2026/news/argentina-3-1-switzerland-key-stats-4221831
Argentina sink 10-man Swiss to set up blockbuster England semifinal,Sports Special,,https://www.thedailystar.net/sports/sports-special/fifa-world-cup-2026/news/argentina-sink-10-man-swiss-set-blockbuster-england-semifinal-4221811
'No evidence' ball hit cable for Bellingham goal: FIFA,Sports Special,,https://www.thedailystar.net/sports/sports-special/fifa-world-cup-2026/news/no-evidence-ball-hit-cable-bellingham-goal-fifa-4221796
Jude takes England's sad song and makes it better,Sports Special,,https://www.thedailystar.net/sports/sports-special/fifa-world-cup-2026/news/jude-takes-englands-sad-song-and-makes-it-better-4221791
England 2-1 Norway: Key stats,Sports Special,,https://www.thedailystar.net/sports/sports-special/fifa-world-cup-2026/news/england-2-1-norway-key-stats-4221786
Tearful Solbakken proud of Norway after World Cup odyssey ends,Sports Special,,https://www.thedailystar.net/sports/sports-special/fifa-world-cup-2026/news/tearful-solbakken-proud-norway-after-world-cup-odyssey-ends-4221781
Jude's magic night sends Vikings packing,Sports Special,,https://www.thedailystar.net/sports/sports-special/fifa-world-cup-2026/news/judes-magic-night-sends-vikings-packing-4221776
‘We were lucky’: Tuchel slams England's ‘sloppy’ display despite 2-1 win,Sports Special,,https://www.thedailystar.net/sports/sports-special/fifa-world-cup-2026/news/we-were-lucky-tuchel-slams-englands-sloppy-display-despite-2-1-win-4221771
Argentina unchanged for quarterfinal against Switzerland,Sports Special,,https://www.thedailystar.net/sports/sports-special/fifa-world-cup-2026/news/argentina-unchanged-quarterfinal-against-switzerland-4221766
Bellingham brace guides England to World Cup semis,Sports Special,,https://www.thedailystar.net/sports/sports-special/fifa-world-cup-2026/news/bellingham-brace-guides-england-world-cup-semis-4221751
Former Argentina World Cup captain Rattin dies aged 89,Football,,https://www.thedailystar.net/sports/football/news/former-argentina-world-cup-captain-rattin-dies-aged-89-4221706
Ton-up Buttler takes new No 1 England to T20 series sweep of India,Cricket,,https://www.thedailystar.net/sports/cricket/news/ton-buttler-takes-new-no-1-england-t20-series-sweep-india-4221611
Can Messi's Argentina prevent all-European World Cup semifinals?,Sports Special,,https://www.thedailystar.net/sports/sports-special/fifa-world-cup-2026/news/can-messis-argentina-prevent-all-european-world-cup-semifinal-4221606
The business of winning,Sports Special,,https://www.thedailystar.net/sports/sports-special/fifa-world-cup-2026/news/the-business-winning-4221586
Noskova defeats fellow Czech Muchova to win first Wimbledon title,Tennis,,https://www.thedailystar.net/sports/more-sports/tennis/news/noskova-defeats-fellow-czech-muchova-win-first-wimbledon-title-4221551
Klopp reaches 'understanding' to take over as Germany coach,Sports Special,,https://www.thedailystar.net/sports/sports-special/fifa-world-cup-2026/news/klopp-reaches-understanding-take-over-germany-coach-4221476
Vintage duel delivers distinct nod to 1994,Sports Special,,https://www.thedailystar.net/sports/sports-special/fifa-world-cup-2026/news/vintage-duel-delivers-distinct-nod-1994-4221391
"Shoriful, openers shine as Tigers earn consolation victory",Cricket,,https://www.thedailystar.net/sports/cricket/news/shoriful-openers-shine-tigers-earn-consolation-victory-4221376
DC Gold Cup kicks off in Tangail after 11-year gap,Football,,https://www.thedailystar.net/sports/football/news/dc-gold-cup-kicks-tangail-after-11-year-gap-4221366
South Africa World Cup midfielder Adams dies aged 25,Sports Special,,https://www.thedailystar.net/sports/sports-special/fifa-world-cup-2026/news/south-africa-world-cup-midfielder-adams-dies-aged-25-4221356
Who is Keyne? Yamal's little brother stealing spotlight at the World Cup,Sports Special,,https://www.thedailystar.net/sports/sports-special/fifa-world-cup-2026/news/who-keyne-yamals-little-brother-stealing-spotlight-the-world-cup-4221296
Barrister Shukla represents Bangladesh at IWG Global Summit,More Sports,,https://www.thedailystar.net/sports/more-sports/news/barrister-shukla-represents-bangladesh-iwg-global-summit-4221276
'Three finals in a row or beat them three times': Yamal on Spain-France semifinal,Sports Special,,https://www.thedailystar.net/sports/sports-special/fifa-world-cup-2026/news/three-finals-row-or-beat-them-three-times-yamal-spain-france-semifinal-4221231
‘No excuses’ as Switzerland aim to press high and curb Messi impact,Sports Special,,https://www.thedailystar.net/sports/sports-special/fifa-world-cup-2026/news/no-excuses-switzerland-aim-press-high-and-curb-messi-impact-4221201
Defeated Djokovic says he wants 'at least one more time' at Wimbledon,Tennis,,https://www.thedailystar.net/sports/more-sports/tennis/news/defeated-djokovic-says-he-wants-least-one-more-time-wimbledon-4221191
Bangladesh bowl with two changes in 3rd ODI,Cricket,,https://www.thedailystar.net/sports/cricket/news/bangladesh-bowl-two-changes-3rd-odi-4221176
Winning at a cost? How Argentina became football's most debated team,Sports Special,,https://www.thedailystar.net/sports/sports-special/fifa-world-cup-2026/news/winning-cost-how-argentina-became-footballs-most-debated-team-4221156
Friendship on hold as 'hell of a beating' returns,Sports Special,,https://www.thedailystar.net/sports/sports-special/fifa-world-cup-2026/news/friendship-hold-hell-beating-returns-4221141
'Beast' Haaland a different player to me: Kane,Sports Special,,https://www.thedailystar.net/sports/sports-special/fifa-world-cup-2026/news/beast-haaland-different-player-me-kane-4221136
Argentina vs Switzerland: Key stats,Sports Special,,https://www.thedailystar.net/sports/sports-special/fifa-world-cup-2026/news/argentina-vs-switzerland-key-stats-4221046
Lisandro Martinez praises referees' 'excellent job' at FIFA World Cup 2026,Sports Special,Lisandro Martinez praises referees' 'excellent job' at FIFA World Cup 2026,https://www.thedailystar.net/sports/sports-special/fifa-world-cup-2026/news/lisandro-martinez-praises-referees-excellent-job-fifa-world-cup-2026-4221121
How Messi prepared for the World Cup: Outsmarting time and metrics,Sports Special,,https://www.thedailystar.net/sports/sports-special/fifa-world-cup-2026/news/how-messi-prepared-the-world-cup-outsmarting-time-and-metrics-4221001
'A machine': Scaloni on Messi's remarkable form at 39,Sports Special,,https://www.thedailystar.net/sports/sports-special/fifa-world-cup-2026/news/machine-scaloni-messis-remarkable-form-39-4221116
Can Argentina keep fuelling themselves on emotion?,Sports Special,,https://www.thedailystar.net/sports/sports-special/fifa-world-cup-2026/news/can-argentina-keep-fuelling-themselves-emotion-4220806
A golden generation without a crown,Sports Special,,https://www.thedailystar.net/sports/sports-special/fifa-world-cup-2026/news/golden-generation-without-crown-4221081
Yamal wants the World Cup more than scoring goals,Sports Special,,https://www.thedailystar.net/sports/sports-special/fifa-world-cup-2026/news/yamal-wants-the-world-cup-more-scoring-goals-4221071
Courtois backs Lammens after costly blunder against Spain,Sports Special,,https://www.thedailystar.net/sports/sports-special/fifa-world-cup-2026/news/courtois-backs-lammens-bounce-back-after-world-cup-blunder-4221066
Spain's Merino living 'wildest dreams' with late World Cup winners,Sports Special,,https://www.thedailystar.net/sports/sports-special/fifa-world-cup-2026/news/spains-merino-living-wildest-dreams-late-world-cup-winners-4221056
Sinner salutes 'true inspiration' Djokovic after ending rival's Wimbledon bid,Tennis,,https://www.thedailystar.net/sports/more-sports/tennis/news/sinner-salutes-true-inspiration-djokovic-after-ending-rivals-wimbledon-bid-4220976
Super sub Merino makes late heroics a habit for La Roja,Sports Special,,https://www.thedailystar.net/sports/sports-special/fifa-world-cup-2026/news/super-sub-merino-makes-late-heroics-habit-la-roja-4220931
Merino strikes late as Spain beat Belgium to set up France World Cup semi,Sports Special,,https://www.thedailystar.net/sports/sports-special/fifa-world-cup-2026/news/merino-strikes-late-spain-beat-belgium-set-france-world-cup-semi-4220911
Klopp reveals failed private jet bid to sign Mbappe for Liverpool,Football,,https://www.thedailystar.net/sports/football/news/klopp-reveals-failed-private-jet-bid-sign-mbappe-liverpool-4220866
How to stop France: Break the rhythm or pay the price,Sports Special,,https://www.thedailystar.net/sports/sports-special/fifa-world-cup-2026/news/how-stop-france-break-the-rhythm-or-pay-the-price-4220826
Spain vs Belgium: Key stats,Sports Special,,https://www.thedailystar.net/sports/sports-special/fifa-world-cup-2026/news/spain-vs-belgium-key-stats-4220836
Vinicius apologises to Brazilians for World Cup 'frustration',Sports Special,,https://www.thedailystar.net/sports/sports-special/fifa-world-cup-2026/news/vinicius-apologises-brazilians-world-cup-frustration-4220821
Clinical Sinner demolishes Djokovic to set up Zverev final,Tennis,,https://www.thedailystar.net/sports/more-sports/tennis/news/clinical-sinner-demolishes-djokovic-set-zverev-final-4220791
Reign of terror,Sports Special,,https://www.thedailystar.net/sports/sports-special/fifa-world-cup-2026/news/reign-terror-4220786
New Portugal coach Jesus 'will call up' Ronaldo if available,Sports Special,,https://www.thedailystar.net/sports/sports-special/fifa-world-cup-2026/news/new-portugal-coach-jesus-will-call-ronaldo-if-available-4220766
Ruthless Zverev spoils Fery's Wimbledon dream to power into final,Tennis,,https://www.thedailystar.net/sports/more-sports/tennis/news/ruthless-zverev-spoils-ferys-wimbledon-dream-power-final-4220741
'You made us proud': Egypt gives heroes' welcome to World Cup team,Sports Special,,https://www.thedailystar.net/sports/sports-special/fifa-world-cup-2026/news/you-made-us-proud-egypt-gives-heroes-welcome-world-cup-team-4220636
"'Everyone' expects Spain to beat us, says Belgium coach",Sports Special,,https://www.thedailystar.net/sports/sports-special/fifa-world-cup-2026/news/everyone-expects-spain-beat-us-says-belgium-coach-4220621
Tigers hit new low in Zimbabwe amid World Cup fever,Cricket,,https://www.thedailystar.net/sports/cricket/news/tigers-hit-new-low-zimbabwe-amid-world-cup-fever-4220601
Australia's Big Bash League to open season in India,Sports,,https://www.thedailystar.net/sports/news/australias-big-bash-league-open-season-india-4220576
Iyer says India in 'transition' after latest thrashing by England,Cricket,,https://www.thedailystar.net/sports/cricket/news/iyer-says-india-transition-after-latest-thrashing-england-4220566
‘Anything good that happens to them will be good for me’: Yamal,Sports Special,,https://www.thedailystar.net/sports/sports-special/fifa-world-cup-2026/news/anything-good-happens-them-will-be-good-me-yamal-4220546
Courtois between two homes,Sports Special,,https://www.thedailystar.net/sports/sports-special/fifa-world-cup-2026/news/courtois-between-two-homes-4220116
Two contrasting models: France and Morocco show how migration is reshaping modern global football,Sports Special,,https://www.thedailystar.net/sports/sports-special/fifa-world-cup-2026/news/two-contrasting-models-france-and-morocco-show-how-migration-reshaping-modern-global-football-4220496
Could this be Yamal’s game?,Sports Special,,https://www.thedailystar.net/sports/sports-special/fifa-world-cup-2026/news/could-be-yamals-game-4220111
Penalty miss? No problem: Mbappe keeps rewriting World Cup history,Sports Special,,https://www.thedailystar.net/sports/sports-special/fifa-world-cup-2026/news/penalty-miss-no-problem-mbappe-keeps-rewriting-world-cup-history-4220491
France 2-0 Morocco: The scoreline told only half the story,Sports Special,,https://www.thedailystar.net/sports/sports-special/fifa-world-cup-2026/news/france-2-0-morocco-the-scoreline-told-only-half-the-story-4220486
Playing with fire as Red Devils chase Spain upset,Sports Special,,https://www.thedailystar.net/sports/sports-special/fifa-world-cup-2026/news/playing-fire-red-devils-chase-spain-upset-4220481
Wimbledon's ageless summer amid World Cup fever,Tennis,,https://www.thedailystar.net/sports/more-sports/tennis/news/wimbledons-ageless-summer-amid-world-cup-fever-4220276
"France fuelled by unshakeable belief, says Deschamps",Sports Special,,https://www.thedailystar.net/sports/sports-special/fifa-world-cup-2026/news/france-fuelled-unshakeable-belief-says-deschamps-4220476
"Former FIFA referees question different fates of Balogun, Quansah",Sports Special,,https://www.thedailystar.net/sports/sports-special/fifa-world-cup-2026/news/former-fifa-referees-question-different-fates-balogun-quansah-4220471
Morocco have to accept defeat after being beaten by 'better' France,Sports Special,,https://www.thedailystar.net/sports/sports-special/fifa-world-cup-2026/news/morocco-have-accept-defeat-after-being-beaten-better-france-4220466
"Mbappe, Dembele fire France into semis with win over Morocco",Sports Special,,https://www.thedailystar.net/sports/sports-special/fifa-world-cup-2026/news/mbappe-dembele-fire-france-semis-win-over-morocco-4220456
Haaland mania sweeps the World Cup as Norway rows behind its Viking hero,Sports Special,,https://www.thedailystar.net/sports/sports-special/fifa-world-cup-2026/news/haaland-mania-sweeps-the-world-cup-norway-rows-behind-its-viking-hero-4220366
Czech mates Muchova and Noskova to clash in Wimbledon final,Tennis,,https://www.thedailystar.net/sports/more-sports/tennis/news/czech-mates-muchova-and-noskova-clash-wimbledon-final-4220286
France start with Doue instead of Barcola,Sports Special,,https://www.thedailystar.net/sports/sports-special/fifa-world-cup-2026/news/france-start-doue-instead-barcola-4220271
The World Cup through a Bangladeshi lens,Sports Special,,https://www.thedailystar.net/sports/sports-special/fifa-world-cup-2026/news/the-world-cup-through-bangladeshi-lens-4220261
SAARC player quota cut to three for BFL,Football,,https://www.thedailystar.net/sports/football/news/saarc-player-quota-cut-three-bfl-4220246
Over to you ‘Wayney boy’,Sports Special,,https://www.thedailystar.net/sports/sports-special/fifa-world-cup-2026/news/over-you-wayney-boy-4220226
Bangladesh suffer 13-run defeat to concede ODI series to Zimbabwe,Cricket,,https://www.thedailystar.net/sports/cricket/news/bangladesh-suffer-13-run-defeat-concede-odi-series-zimbabwe-4220101
"Goals, passes, precision: Argentina lead them all",Sports Special,,https://www.thedailystar.net/sports/sports-special/fifa-world-cup-2026/news/goals-passes-precision-argentina-lead-them-all-4220091
Age-Group Swimming Championships start Saturday,More Sports,,https://www.thedailystar.net/sports/more-sports/news/age-group-swimming-championships-start-saturday-4220076
FIFA refereeing chief rejects claims of bias in Argentina's win over Egypt,Sports Special,,https://www.thedailystar.net/sports/sports-special/fifa-world-cup-2026/news/fifa-refereeing-chief-rejects-claims-bias-argentinas-win-over-egypt-4219761
France's flair meets Morocco’s composure,Sports Special,,https://www.thedailystar.net/sports/sports-special/fifa-world-cup-2026/news/frances-flair-meets-moroccos-composure-4219211
"England most booked, Norway least as 17 players at risk of semifinal suspension",Sports Special,,https://www.thedailystar.net/sports/sports-special/fifa-world-cup-2026/news/england-most-booked-norway-least-17-players-risk-semifinal-suspension-4219751
"'Has anyone ever stopped Haaland?': England, Kane vow to try",Sports Special,,https://www.thedailystar.net/sports/sports-special/fifa-world-cup-2026/news/has-anyone-ever-stopped-haaland-england-kane-vow-try-4219676
Bangladesh opt to field in must-win second ODI against Zimbabwe,Cricket,,https://www.thedailystar.net/sports/cricket/news/bangladesh-opt-field-must-win-second-odi-against-zimbabwe-4219716
France overtake Argentina to go top of FIFA rankings ahead of WC quarters,Sports Special,,https://www.thedailystar.net/sports/sports-special/fifa-world-cup-2026/news/france-overtake-argentina-go-top-fifa-rankings-ahead-wc-quarters-4219701
"We want World Cup title, says Morocco coach Ouahbi",Sports Special,,https://www.thedailystar.net/sports/sports-special/fifa-world-cup-2026/news/we-want-world-cup-title-says-morocco-coach-ouahbi-4219666
Full results of the FIFA World Cup 2026,Sports Special,Full results of the FIFA World Cup 2026,https://www.thedailystar.net/sports/sports-special/fifa-world-cup-2026/news/the-full-fixtures-the-2026-fifa-world-cup-4194311
Argentina return to training ahead of Switzerland clash,Sports Special,,https://www.thedailystar.net/sports/sports-special/fifa-world-cup-2026/news/argentina-return-training-ahead-switzerland-clash-4219636
"France, Morocco bring post-colonial ties and family feel to Boston",Sports Special,,https://www.thedailystar.net/sports/sports-special/fifa-world-cup-2026/news/france-morocco-bring-post-colonial-ties-and-family-feel-boston-4219611
Morocco's Saibari out of World Cup quarterfinal against France,Sports Special,,https://www.thedailystar.net/sports/sports-special/fifa-world-cup-2026/news/moroccos-saibari-out-world-cup-quarterfinal-against-france-4219606
Masters of half-space,Sports Special,,https://www.thedailystar.net/sports/sports-special/fifa-world-cup-2026/news/masters-half-space-4219306
Deschamps hopes France–Morocco officials match Argentina–Egypt standard,Sports Special,,https://www.thedailystar.net/sports/sports-special/fifa-world-cup-2026/news/deschamps-hopes-france-morocco-officials-match-argentina-egypt-standard-4219526
VAR uproar eclipses epic comeback,Sports Special,,https://www.thedailystar.net/sports/sports-special/fifa-world-cup-2026/news/var-uproar-eclipses-epic-comeback-4219521
Primal Messi flips the hourglass,Sports Special,,https://www.thedailystar.net/sports/sports-special/fifa-world-cup-2026/news/primal-messi-flips-the-hourglass-4219511
Britain's Fery becomes first wildcard to reach Wimbledon semis in 25 years,Tennis,,https://www.thedailystar.net/sports/more-sports/tennis/news/britains-fery-becomes-first-wildcard-reach-wimbledon-semis-25-years-4219471
Argentine FA under FBI watch over money laundering allegations: reports,Sports Special,,https://www.thedailystar.net/sports/sports-special/fifa-world-cup-2026/news/argentine-fa-under-fbi-watch-over-money-laundering-allegations-reports-4219441
Europe’s supremacy showing in North America,Sports Special,,https://www.thedailystar.net/sports/sports-special/fifa-world-cup-2026/news/europes-supremacy-showing-north-america-4219301
Local experts vouch for VAR,Sports Special,,https://www.thedailystar.net/sports/sports-special/fifa-world-cup-2026/news/local-experts-vouch-var-4219276
'My time will come': Emiliano Martinez vows to repay teammates,Sports Special,,https://www.thedailystar.net/sports/sports-special/fifa-world-cup-2026/news/my-time-will-come-emiliano-martinez-vows-repay-teammates-4219166
Dalic quits after 'incredible era' as Croatia coach,Sports Special,,https://www.thedailystar.net/sports/sports-special/fifa-world-cup-2026/news/dalic-quits-after-incredible-era-croatia-coach-4219156
I was there when the story ended,Sports Special,,https://www.thedailystar.net/sports/sports-special/fifa-world-cup-2026/news/i-was-there-when-the-story-ended-4219151
'Great teams are best defensively': Spain revive 2010 blueprint,Sports Special,,https://www.thedailystar.net/sports/sports-special/fifa-world-cup-2026/news/great-teams-are-best-defensively-spain-revive-2010-blueprint-4219141
Egypt file complaint against referee after controversial exit,Sports Special,,https://www.thedailystar.net/sports/sports-special/fifa-world-cup-2026/news/egypt-file-complaint-against-referee-after-controversial-exit-4219071
Messi magic masks familiar penalty frailty,Sports Special,,https://www.thedailystar.net/sports/sports-special/fifa-world-cup-2026/news/messi-magic-masks-familiar-penalty-frailty-4219046
Inside the Haaland machine,Sports Special,,https://www.thedailystar.net/sports/sports-special/fifa-world-cup-2026/news/inside-the-haaland-machine-4219001
Inside the Haaland machine,Sports Special,,https://www.thedailystar.net/sports/sports-special/fifa-world-cup-2026/news/inside-the-haaland-machine-4218996
Morocco coach Ouahbi proving doubters wrong,Sports Special,,https://www.thedailystar.net/sports/sports-special/fifa-world-cup-2026/news/morocco-coach-ouahbi-proving-doubters-wrong-4218916
Nestor Lorenzo rues Colombia's missing spark,Sports Special,,https://www.thedailystar.net/sports/sports-special/fifa-world-cup-2026/news/nestor-lorenzo-rues-colombias-missing-spark-4218886
Heroes who wear gloves,Sports Special,,https://www.thedailystar.net/sports/sports-special/fifa-world-cup-2026/news/heroes-who-wear-gloves-4218881
IOC eases restrictions on Russians before 2028 LA Games,More Sports,,https://www.thedailystar.net/sports/more-sports/news/ioc-eases-restrictions-russians-2028-la-games-4218841
Iyer's India 'atrocious' in record 125-run T20 defeat by England,Cricket,,https://www.thedailystar.net/sports/cricket/news/iyers-india-atrocious-record-125-run-t20-defeat-england-4218826
'It was a rigged game': Tearful Zico blasts referee after Egypt exit,Sports Special,,https://www.thedailystar.net/sports/sports-special/fifa-world-cup-2026/news/it-was-rigged-game-tearful-zico-blasts-referee-after-egypt-exit-4218811
'A nice surprise': Marathon man Djokovic revels in Wimbledon epic,Tennis,,https://www.thedailystar.net/sports/more-sports/tennis/news/nice-surprise-marathon-man-djokovic-revels-wimbledon-epic-4218786
Why did Messi cry?: Argentina captain says 'it was a moment of pure happiness and relief',Sports Special,,https://www.thedailystar.net/sports/sports-special/fifa-world-cup-2026/news/why-did-messi-cry-argentina-captain-says-it-was-moment-pure-happiness-and-relief-4218771
Djokovic survives Wimbledon's longest quarterfinal to book Sinner blockbuster,Tennis,,https://www.thedailystar.net/sports/more-sports/tennis/news/djokovic-survives-wimbledons-longest-quarterfinal-book-sinner-blockbuster-4218766
FIFA World Cup 2026 quarterfinal fixtures in Bangladesh time,Sports Special,FIFA World Cup 2026 quarterfinal fixtures in Bangladesh time,https://www.thedailystar.net/sports/sports-special/fifa-world-cup-2026/news/fifa-world-cup-quarterfinal-fixtures-bangladesh-time-4218761
Switzerland beat Colombia on penalties to set up quarterfinal clash with Argentina,Sports Special,,https://www.thedailystar.net/sports/sports-special/fifa-world-cup-2026/news/switzerland-beat-colombia-penalties-set-quarterfinal-clash-argentina-4218756
Farewell of a legend in tears and defiance,Sports Special,,https://www.thedailystar.net/sports/sports-special/fifa-world-cup-2026/news/farewell-legend-tears-and-defiance-4218476
Was that really a foul?: Experts slam VAR call that denied Egypt against Argentina,Sports Special,,https://www.thedailystar.net/sports/sports-special/fifa-world-cup-2026/news/was-really-foul-experts-slam-var-call-denied-egypt-against-argentina-4218751
'We have been cheated': Egypt coach fumes after defeat to Messi's Argentina,Sports Special,,https://www.thedailystar.net/sports/sports-special/fifa-world-cup-2026/news/egypt-cheated-controversial-exit-messis-argentina-says-hassan-4218671
Defying the dying light,Sports Special,,https://www.thedailystar.net/sports/sports-special/fifa-world-cup-2026/news/defying-the-dying-light-4218666
‘A phenomenal group that never gives up’: Enzo hails Argentina’s team spirit,Sports Special,,https://www.thedailystar.net/sports/sports-special/fifa-world-cup-2026/news/phenomenal-group-never-gives-enzo-hails-argentinas-team-spirit-4218661
Messi breaks more records in Argentina's dramatic win,Sports Special,,https://www.thedailystar.net/sports/sports-special/fifa-world-cup-2026/news/messi-breaks-more-records-argentinas-great-escape-4218636
'I'm really emotional': Scaloni left speechless after Argentina's epic fightback,Sports Special,,https://www.thedailystar.net/sports/sports-special/fifa-world-cup-2026/news/im-really-emotional-scaloni-left-speechless-after-argentinas-epic-fightback-4218566
From the brink to ecstasy,Sports Special,,https://www.thedailystar.net/sports/sports-special/fifa-world-cup-2026/news/the-brink-ecstasy-4218526
"Sinner conquers heat, sets up potential Djokovic clash at Wimbledon",Tennis,,https://www.thedailystar.net/sports/more-sports/tennis/news/sinner-conquers-heat-sets-potential-djokovic-clash-wimbledon-4218461
Messi inspires great Argentina escape against Egypt,Sports Special,,https://www.thedailystar.net/sports/sports-special/fifa-world-cup-2026/news/messi-inspires-great-argentina-escape-against-egypt-4218446
Alvarez starts as Argentina make three changes for Egypt clash,Sports Special,,https://www.thedailystar.net/sports/sports-special/fifa-world-cup-2026/news/alvarez-starts-argentina-make-three-changes-egypt-clash-4218311
Messi key as Argentina eye quarterfinal spot against Egypt,Sports Special,,https://www.thedailystar.net/sports/sports-special/fifa-world-cup-2026/news/messi-key-argentina-eye-quarterfinal-spot-against-egypt-4218236
Left-footed royalties collide as Salah meets Messi,Sports Special,,https://www.thedailystar.net/sports/sports-special/fifa-world-cup-2026/news/left-footed-royalties-collide-salah-meets-messi-4218121
Argentina vs Egypt: All you need to know,Sports Special,,https://www.thedailystar.net/sports/sports-special/fifa-world-cup-2026/news/argentina-vs-egypt-all-you-need-know-4218071
"Beyond Brazil setback: A child’s first lesson in football, and life",Sports Special,,https://www.thedailystar.net/sports/sports-special/fifa-world-cup-2026/news/beyond-brazil-setback-childs-first-lesson-football-and-life-4218056
Afghan pacer Shapoor Zadran dies aged 38,Cricket,,https://www.thedailystar.net/sports/cricket/news/afghan-pacer-shapoor-zadran-dies-aged-38-4218051
The night Ser Dan the Tall answered the call,Sports Special,,https://www.thedailystar.net/sports/sports-special/fifa-world-cup-2026/news/the-night-ser-dan-the-tall-answered-the-call-4218021
Egypt coach says Palestinian suffering 'a shame on the world',Sports Special,,https://www.thedailystar.net/sports/sports-special/fifa-world-cup-2026/news/egypt-coach-says-palestinian-suffering-shame-the-world-4217981
Argentina's gruelling World Cup schedule a concern for Scaloni,Sports Special,,https://www.thedailystar.net/sports/sports-special/fifa-world-cup-2026/news/argentinas-gruelling-world-cup-schedule-concern-scaloni-4217936
Mbappe fires back at Paraguayan senator's racist attack,Sports Special,,https://www.thedailystar.net/sports/sports-special/fifa-world-cup-2026/news/mbappe-fires-back-paraguayan-senators-racist-attack-4217921
Belgium's best rebuttal to power came on the pitch,Sports Special,,https://www.thedailystar.net/sports/sports-special/fifa-world-cup-2026/news/belgiums-best-rebuttal-power-came-the-pitch-4217891
"There's justice in life, says Raskin after Belgium eliminate USA",Sports Special,,https://www.thedailystar.net/sports/sports-special/fifa-world-cup-2026/news/theres-justice-life-says-raskin-after-belgium-eliminate-usa-4217876
"Another scar, or the start of Brazil's revival?",Sports Special,,https://www.thedailystar.net/sports/sports-special/fifa-world-cup-2026/news/another-scar-or-the-start-brazils-revival-4217871
De Ketelaere double puts Belgium into last eight and ends home interest,Sports Special,,https://www.thedailystar.net/sports/sports-special/fifa-world-cup-2026/news/de-ketelaere-double-puts-belgium-last-eight-and-ends-home-interest-4217841
'He generated a lot of fear': De la Fuente praises Yamal,Sports Special,,https://www.thedailystar.net/sports/sports-special/fifa-world-cup-2026/news/he-generated-lot-fear-de-la-fuente-praises-yamal-4217836
"For all his records, Ronaldo could not crack the World Cup",Sports Special,,https://www.thedailystar.net/sports/sports-special/fifa-world-cup-2026/news/all-his-records-ronaldo-could-not-crack-the-world-cup-4217831
Ronaldo says his last World Cup is over but Portugal decision can wait,Sports Special,,https://www.thedailystar.net/sports/sports-special/fifa-world-cup-2026/news/ronaldo-says-his-last-world-cup-over-portugal-decision-can-wait-4217826
Portugal coach Martinez steps down after World Cup exit to Spain,Sports Special,,https://www.thedailystar.net/sports/sports-special/fifa-world-cup-2026/news/portugal-coach-martinez-steps-down-after-world-cup-exit-spain-4217821
The lurking giant,Sports Special,,https://www.thedailystar.net/sports/sports-special/fifa-world-cup-2026/news/the-lurking-giant-4217756
Spain march on as Merino's late strike ends Ronaldo's World Cup dream,Sports Special,,https://www.thedailystar.net/sports/sports-special/fifa-world-cup-2026/news/spain-march-merinos-late-strike-sinks-ronaldos-portugal-4217746
Attitude over altitude,Sports Special,,https://www.thedailystar.net/sports/sports-special/fifa-world-cup-2026/news/attitude-over-altitude-4217736
Argentina and the curse of comfort,Sports Special,,https://www.thedailystar.net/sports/sports-special/fifa-world-cup-2026/news/argentina-and-the-curse-comfort-4217731
'Little disappointed in our batting unit': Miraz rues Tigers' ODI opener defeat against Zimbabwe,Cricket,,https://www.thedailystar.net/sports/cricket/news/little-disappointed-our-batting-unit-miraz-rues-tigers-odi-opener-defeat-against-zimbabwe-4217721
Trump confirms he asked FIFA boss for review of Balogun red card,Sports Special,,https://www.thedailystar.net/sports/sports-special/fifa-world-cup-2026/news/trump-confirms-he-asked-fifa-boss-review-balogun-red-card-4217596
Batting woes waste Rana’s record-breaking performance,Cricket,,https://www.thedailystar.net/sports/cricket/news/batting-woes-waste-ranas-record-breaking-performance-4217471
"France reveal frailties, Morocco show resolve",Sports Special,,https://www.thedailystar.net/sports/sports-special/fifa-world-cup-2026/news/france-reveal-frailties-morocco-show-resolve-4217466
"Ronaldo, Yamal headline heavyweight Portugal-Spain clash",Sports Special,,https://www.thedailystar.net/sports/sports-special/fifa-world-cup-2026/news/ronaldo-yamal-headline-heavyweight-portugal-spain-clash-4217436
FIFA have 'crossed a red line' in Balogun reprieve: UEFA,Sports Special,,https://www.thedailystar.net/sports/sports-special/fifa-world-cup-2026/news/fifa-have-crossed-red-line-balogun-reprieve-uefa-4217256
"Mexico manager Javier Aguirre stepping down, assistant Rafa Marquez stepping up",Sports Special,,https://www.thedailystar.net/sports/sports-special/fifa-world-cup-2026/news/mexico-manager-javier-aguirre-stepping-down-assistant-rafa-marquez-stepping-4217206
"War, wealth and a World Cup in Trumpland",Sports Special,,https://www.thedailystar.net/sports/sports-special/fifa-world-cup-2026/news/war-wealth-and-world-cup-traumpland-4217191
Ronaldo vs Yamal: A clash of generations,Sports Special,,https://www.thedailystar.net/sports/sports-special/fifa-world-cup-2026/news/ronaldo-vs-yamal-clash-generations-4216601
From Brazil's heartbreak to England's heartbeat: Day 25 thrills,Sports Special,,https://www.thedailystar.net/sports/sports-special/fifa-world-cup-2026/news/brazils-heartbreak-englands-heartbeat-day-25-thrills-4217136
Rana's five-for rocks Zimbabwe,Cricket,,https://www.thedailystar.net/sports/cricket/news/bangladesh-opt-bowl-zimbabwe-odi-opener-4217121
Heavyweights collide in Dallas,Sports Special,,https://www.thedailystar.net/sports/sports-special/fifa-world-cup-2026/news/heavyweights-collide-dallas-4216616
Haaland lights up Golden Boot race,Sports Special,,https://www.thedailystar.net/sports/sports-special/fifa-world-cup-2026/news/haaland-lights-golden-boot-race-4217101
What is Article 27 of FIFA's Disciplinary Code that allows red-carded Balogun to play?,Sports Special,,https://www.thedailystar.net/sports/sports-special/fifa-world-cup-2026/news/what-article-27-fifas-disciplinary-code-allows-red-carded-balogun-play-4217066
Relaxed Ronaldo admits time is up,Sports Special,,https://www.thedailystar.net/sports/sports-special/fifa-world-cup-2026/news/relaxed-ronaldo-admits-time-4217051
'I've lost my voice': Kane revels in England's Azteca epic,Sports Special,,https://www.thedailystar.net/sports/sports-special/fifa-world-cup-2026/news/ive-lost-my-voice-kane-revels-englands-azteca-epic-4217041
"Ten-Man England triumph in Azteca thriller, reach quarterfinals",Sports Special,,https://www.thedailystar.net/sports/sports-special/fifa-world-cup-2026/news/ten-man-england-triumph-azteca-thriller-reach-quarterfinals-4217031
'Now it's over': Neymar signals Brazil farewell after shock World Cup exit,Sports Special,,https://www.thedailystar.net/sports/sports-special/fifa-world-cup-2026/news/now-its-over-neymar-signals-brazil-farewell-after-shock-world-cup-exit-4217011
'We deserved to win': Ancelotti says Brazil exit is 'start of a new cycle',Sports Special,,https://www.thedailystar.net/sports/sports-special/fifa-world-cup-2026/news/we-deserved-win-ancelotti-says-brazil-exit-start-new-cycle-4217006
"Penalty save inspired Norway, says 'keeper Nyland",Sports Special,,https://www.thedailystar.net/sports/sports-special/fifa-world-cup-2026/news/penalty-save-inspired-norway-says-keeper-nyland-4217001
Messi and Co brace for Egypt exam,Sports Special,,https://www.thedailystar.net/sports/sports-special/fifa-world-cup-2026/news/messi-and-co-brace-egypt-exam-4217761
Ancelotti reveals why Guimaraes took Brazil penalty,Sports Special,,https://www.thedailystar.net/sports/sports-special/fifa-world-cup-2026/news/ancelotti-reveals-why-guimaraes-took-brazil-penalty-4216996
Mexico-England World Cup match delayed by one hour due to storms,Sports Special,,https://www.thedailystar.net/sports/sports-special/fifa-world-cup-2026/news/mexico-england-world-cup-match-delayed-one-hour-due-weather-4216991
Sinner powers into fifth straight Wimbledon quarterfinal,Tennis,,https://www.thedailystar.net/sports/more-sports/tennis/news/sinner-powers-fifth-straight-wimbledon-quarterfinal-4216986
Haaland scripts Norway's night for the ages,Sports Special,,https://www.thedailystar.net/sports/sports-special/fifa-world-cup-2026/news/haaland-scripts-norways-night-the-ages-4216981
Haaland stars as Norway stun Brazil to reach quarterfinals,Sports Special,,https://www.thedailystar.net/sports/sports-special/fifa-world-cup-2026/news/haaland-stars-norway-stun-brazil-2-1-reach-quarterfinals-4216976
Trump asked FIFA chief to review Balogun red card: source,Sports Special,,https://www.thedailystar.net/sports/sports-special/fifa-world-cup-2026/news/trump-asked-fifa-chief-review-balogun-red-card-source-4216971
Red-card U-turn rocks FIFA World Cup 2026,Sports Special,Red-card U-turn rocks FIFA World Cup 2026,https://www.thedailystar.net/sports/sports-special/fifa-world-cup-2026/news/red-card-u-turn-rocks-world-cup-england-face-azteca-test-4216961
Belgium football chiefs say 'astonished' at FIFA Balogun decision,Sports Special,,https://www.thedailystar.net/sports/sports-special/fifa-world-cup-2026/news/belgium-football-chiefs-say-astonished-fifa-balogun-decision-4216901
Brazil bring in Martinelli for Paqueta against Norway; Neymar starts on the bench,Sports Special,,https://www.thedailystar.net/sports/sports-special/fifa-world-cup-2026/news/brazil-bring-martinelli-paqueta-against-norway-neymar-starts-the-bench-4216881
Osaka topples world number one Sabalenka in Wimbledon last 16,Tennis,,https://www.thedailystar.net/sports/more-sports/tennis/news/osaka-beats-world-number-one-sabalenka-wimbledon-last-16-4216876
A licence to foul?,Sports Special,,https://www.thedailystar.net/sports/sports-special/fifa-world-cup-2026/news/licence-foul-4216606
Trump thanks FIFA for suspending USA's Balogun's World Cup red card,Sports Special,,https://www.thedailystar.net/sports/sports-special/fifa-world-cup-2026/news/trump-thanks-fifa-suspending-usas-baloguns-world-cup-red-card-4216861
Tigers bank on pacers after Test setback,Cricket,,https://www.thedailystar.net/sports/cricket/news/tigers-bank-pacers-after-test-setback-4216626
Australia outclass England to clinch Women's T20 World Cup title,Cricket,,https://www.thedailystar.net/sports/cricket/news/australia-outclass-england-clinch-womens-t20-world-cup-title-4216841
Djokovic makes Wimbledon history to reach quarterfinals,Tennis,,https://www.thedailystar.net/sports/more-sports/tennis/news/djokovic-makes-wimbledon-history-reach-quarterfinals-4216796
US striker Balogun available for Belgium clash despite red card,Sports Special,,https://www.thedailystar.net/sports/sports-special/fifa-world-cup-2026/news/us-striker-balogun-available-belgium-clash-despite-red-card-4216771
Not England's year: Hamza,Sports Special,,https://www.thedailystar.net/sports/sports-special/fifa-world-cup-2026/news/not-englands-year-hamza-4216581
Julian Quinones: Mexico's not-so-secret weapon,Sports Special,,https://www.thedailystar.net/sports/sports-special/fifa-world-cup-2026/news/julian-quinones-mexicos-not-so-secret-weapon-4216561
How will Ancelotti set up Brazil's game plan for Norway,Sports Special,,https://www.thedailystar.net/sports/sports-special/fifa-world-cup-2026/news/how-will-ancelotti-set-brazils-game-plan-norway-4216506
"France-Morocco book a ticket for blockbuster, Viking threat to Brazil and Azteca awaits",Sports Special,,https://www.thedailystar.net/sports/sports-special/fifa-world-cup-2026/news/france-morocco-book-ticket-blockbuster-viking-threat-brazil-and-azteca-awaits-4216451
Australia eye seventh crown as England seek home glory,Cricket,,https://www.thedailystar.net/sports/cricket/news/australia-eye-seventh-crown-england-seek-home-glory-4216321
Deschamps feared Mbappe would be 'chopped down',Sports Special,,https://www.thedailystar.net/sports/sports-special/fifa-world-cup-2026/news/deschamps-feared-mbappe-would-be-chopped-down-4216286
History stands in Brazil's way against Norway,Sports Special,,https://www.thedailystar.net/sports/sports-special/fifa-world-cup-2026/news/history-stands-brazils-way-against-norway-4216301
Vini vs Haaland: Who will survive?,Sports Special,,https://www.thedailystar.net/sports/sports-special/fifa-world-cup-2026/news/vini-vs-haaland-who-will-survive-4215746
Babar Azam returns as Test captain,Cricket,,https://www.thedailystar.net/sports/cricket/news/babar-azam-returns-test-captain-4216251
Bangladesh surfers chase waves at Asian Games,More Sports,,https://www.thedailystar.net/sports/more-sports/news/bangladesh-surfers-chase-waves-asian-games-4216241
England can write new Azteca history: Tuchel,Sports Special,,https://www.thedailystar.net/sports/sports-special/fifa-world-cup-2026/news/england-can-write-new-azteca-history-tuchel-4216191
Montes and Vasquez: Childhood bond behind Mexico's unbreakable wall,Sports Special,,https://www.thedailystar.net/sports/sports-special/fifa-world-cup-2026/news/montes-and-vasquez-childhood-bond-behind-mexicos-unbreakable-wall-4216181
Morocco did exactly what big teams do,Sports Special,,https://www.thedailystar.net/sports/sports-special/fifa-world-cup-2026/news/morocco-did-exactly-what-big-teams-do-4216166
Can Brazil break Norway hoodoo?,Sports Special,,https://www.thedailystar.net/sports/sports-special/fifa-world-cup-2026/news/can-brazil-break-norway-hoodoo-4215726
Stopping Haaland no mystery for Brazil: Ancelotti,Sports Special,,https://www.thedailystar.net/sports/sports-special/fifa-world-cup-2026/news/stopping-haaland-no-mystery-brazil-ancelotti-4216141
"Messi 20, Mbappe 19: World Cup's greatest scoring race gathers pace",Sports Special,,https://www.thedailystar.net/sports/sports-special/fifa-world-cup-2026/news/messi-20-mbappe-19-world-cups-greatest-scoring-race-gathers-pace-4216121
"Lions in defeat, calm in victory: Alfaro and Deschamps reflect on a fierce battle",Sports Special,,https://www.thedailystar.net/sports/sports-special/fifa-world-cup-2026/news/lions-defeat-calm-victory-alfaro-and-deschamps-reflect-fierce-battle-4216111
France survive Paraguay's prickly test but warning lights flash ahead of Morocco clash,Sports Special,,https://www.thedailystar.net/sports/sports-special/fifa-world-cup-2026/news/france-survive-paraguays-prickly-test-warning-lights-flash-ahead-morocco-clash-4216106
Mbappe says France happy 'to get hands dirty' after World Cup win,Sports Special,,https://www.thedailystar.net/sports/sports-special/fifa-world-cup-2026/news/mbappe-says-france-happy-get-hands-dirty-after-world-cup-win-4216086
Mbappe helps France edge Paraguay to set up WC quarterfinal clash with Morocco,Sports Special,,https://www.thedailystar.net/sports/sports-special/fifa-world-cup-2026/news/mbappe-penalty-helps-france-edge-paraguay-set-wc-quarterfinal-clash-morocco-4216081
Ouahbi hails Morocco's second-half response,Sports Special,,https://www.thedailystar.net/sports/sports-special/fifa-world-cup-2026/news/ouahbi-hails-moroccos-second-half-response-4215966
Morocco end Canada World Cup dream to reach quarters,Sports Special,,https://www.thedailystar.net/sports/sports-special/fifa-world-cup-2026/news/morocco-end-canada-world-cup-dream-reach-quarters-4215886
Bethell upstages Sooryavanshi as England beat India in 2nd T20,Cricket,,https://www.thedailystar.net/sports/cricket/news/bethell-upstages-sooryavanshi-england-beat-india-2nd-t20-4215881
Aurora that guided Lisandro,Sports Special,,https://www.thedailystar.net/sports/sports-special/fifa-world-cup-2026/news/aurora-guided-lisandro-4215856
Drama defines Round of 32,Sports Special,,https://www.thedailystar.net/sports/sports-special/fifa-world-cup-2026/news/drama-defines-round-32-4215811
Perils of Messi dependency,Sports Special,,https://www.thedailystar.net/sports/sports-special/fifa-world-cup-2026/news/perils-messi-dependency-4215731
France aim to keep World Cup juggernaut rolling,Sports Special,,https://www.thedailystar.net/sports/sports-special/fifa-world-cup-2026/news/france-aim-keep-world-cup-juggernaut-rolling-4215716
Sooryavanshi breaks Tendulkar's record,Cricket,,https://www.thedailystar.net/sports/cricket/news/sooryavanshi-breaks-tendulkars-record-4215691
"Cape Verde heroics scare Argentina, Round of 16 begins tonight",Sports Special,,https://www.thedailystar.net/sports/sports-special/fifa-world-cup-2026/news/cape-verde-heroics-scare-argentina-round-16-begins-tonight-4215666
Barber shaves World Cup dreams into Brazilian fans' hair,Sports Special,,https://www.thedailystar.net/sports/sports-special/fifa-world-cup-2026/news/barber-shaves-world-cup-dreams-brazilian-fans-hair-4215541
Raphinha returns to give Brazil selection dilemma before Norway clash,Sports Special,,https://www.thedailystar.net/sports/sports-special/fifa-world-cup-2026/news/raphinha-returns-give-brazil-selection-dilemma-norway-clash-4215536
"FIFA to stick to schedule for Mexico-England and Brazil-Norway games, source says",Sports Special,,https://www.thedailystar.net/sports/sports-special/fifa-world-cup-2026/news/fifa-stick-schedule-mexico-england-and-brazil-norway-games-source-says-4215531
Blockbuster Round of 16 fixtures and more,Sports Special,,https://www.thedailystar.net/sports/sports-special/fifa-world-cup-2026/news/blockbuster-round-16-fixtures-and-more-4215526
France face Philly furnace as World Cup last 16 gets under way,Sports Special,,https://www.thedailystar.net/sports/sports-special/fifa-world-cup-2026/news/france-face-philly-furnace-world-cup-last-16-gets-under-way-4215521
Cape Verde show anything is possible with 'big hearts',Sports Special,,https://www.thedailystar.net/sports/sports-special/fifa-world-cup-2026/news/cape-verde-show-anything-possible-big-hearts-4215501
Salah and the history of 'Panenkas' at the World Cup,Sports Special,,https://www.thedailystar.net/sports/sports-special/fifa-world-cup-2026/news/salah-and-the-history-panenkas-the-world-cup-4215476
Colombia in control but failing to convert chances into goals,Sports Special,,https://www.thedailystar.net/sports/sports-special/fifa-world-cup-2026/news/colombia-control-failing-convert-chances-goals-4215456
Egypt coach dedicates historic World Cup win to Palestinians,Sports Special,,https://www.thedailystar.net/sports/sports-special/fifa-world-cup-2026/news/egypt-coach-dedicates-historic-world-cup-win-palestinians-4215451
The greatest World Cup goal that ended in heartbreak?,Sports Special,,https://www.thedailystar.net/sports/sports-special/fifa-world-cup-2026/news/the-greatest-world-cup-goal-ended-heartbreak-4215441
Pride in defeat: Bubista salutes fearless Cape Verde,Sports Special,,https://www.thedailystar.net/sports/sports-special/fifa-world-cup-2026/news/pride-defeat-bubista-salutes-fearless-cape-verde-4215431
Colombia beat Ghana 1-0 to set up Switzerland showdown,Sports Special,,https://www.thedailystar.net/sports/sports-special/fifa-world-cup-2026/news/colombia-beat-ghana-1-0-set-switzerland-showdown-4215411
Messi answers the call once again for Argentina,Sports Special,,https://www.thedailystar.net/sports/sports-special/fifa-world-cup-2026/news/messi-answers-the-call-once-again-argentina-4215406
"Cape Verde: Exit the tournament, enter history",Sports Special,,https://www.thedailystar.net/sports/sports-special/fifa-world-cup-2026/news/cape-verde-exit-the-tournament-enter-history-4215396
"Argentina made to suffer in Cape Verde scare, says Scaloni",Sports Special,,https://www.thedailystar.net/sports/sports-special/fifa-world-cup-2026/news/argentina-made-suffer-cape-verde-scare-says-scaloni-4215371
Argentina-Cape Verde thriller: Moments in pictures,Sports Special,,https://www.thedailystar.net/sports/sports-special/fifa-world-cup-2026/news/argentina-cape-verde-thriller-moments-pictures-4215366
‘It’s just a moment to enjoy’: Salah savours Egypt’s historic milestone,Sports Special,,https://www.thedailystar.net/sports/sports-special/fifa-world-cup-2026/news/its-just-moment-enjoy-salah-savours-egypts-historic-milestone-4215356
Argentina survive Cape Verde scare to reach last 16,Sports Special,,https://www.thedailystar.net/sports/sports-special/fifa-world-cup-2026/news/argentina-beat-cape-verde-3-2-after-extra-time-reach-last-16-4215306
Egypt edge Australia on penalties to reach last 16,Sports Special,,https://www.thedailystar.net/sports/sports-special/fifa-world-cup-2026/news/egypt-edge-australia-penalties-reach-world-cup-last-16-4215276
FIFA mulling kickoff time changes for Mexico-England and Brazil-Norway,Sports Special,,https://www.thedailystar.net/sports/sports-special/fifa-world-cup-2026/news/fifa-mulling-kickoff-time-changes-mexico-england-and-brazil-norway-4215236
Norway's 1998 hero Rekdal sees Brazil gripped by fear of another shock upset,Sports Special,,https://www.thedailystar.net/sports/sports-special/fifa-world-cup-2026/news/norways-1998-hero-rekdal-sees-brazil-gripped-fear-another-shock-upset-4215201
SIXR through to Hua Hin Cricket Sixes semis,Cricket,,https://www.thedailystar.net/sports/cricket/news/sixr-hua-hin-cricket-sixes-semis-4215181
Spain click into gear as trail turns treacherous,Sports Special,,https://www.thedailystar.net/sports/sports-special/fifa-world-cup-2026/news/spain-click-gear-trail-turns-treacherous-4215071
Sinner beats the heat and breezes past Brooksby into Wimbledon fourth round,Tennis,,https://www.thedailystar.net/sports/more-sports/tennis/news/sinner-beats-the-heat-and-breezes-past-brooksby-wimbledon-fourth-round-4215136
Salah starts for Egypt in Round of 32 clash against Australia after injury,Sports Special,,https://www.thedailystar.net/sports/sports-special/fifa-world-cup-2026/news/salah-starts-egypt-world-cup-knockout-after-injury-4215126
Penalty miss and its ugly aftermath,Sports Special,,https://www.thedailystar.net/sports/sports-special/fifa-world-cup-2026/news/penalty-miss-and-its-ugly-aftermath-4215051
Vintage Modric till the end,Sports Special,,https://www.thedailystar.net/sports/sports-special/fifa-world-cup-2026/news/vintage-modric-till-the-end-4215066
Curran ready to fill England gap left by Stokes exit,Cricket,,https://www.thedailystar.net/sports/cricket/news/curran-ready-fill-england-gap-left-stokes-exit-4215121
Dashing Djokovic matches Federer with 105th Wimbledon match win,Tennis,,https://www.thedailystar.net/sports/more-sports/tennis/news/record-equalling-djokovic-powers-wimbledon-last-16-4215101
Portugal prevail in pure chaos,Sports Special,,https://www.thedailystar.net/sports/sports-special/fifa-world-cup-2026/news/portugal-prevail-pure-chaos-4215061
"Neymar unhappy with World Cup role but 'respectful', says Ancelotti",Sports Special,,https://www.thedailystar.net/sports/sports-special/fifa-world-cup-2026/news/neymar-unhappy-world-cup-role-respectful-says-ancelotti-4215041
"Jahid, Rifat, Rafia, Sabina set the pace at national junior meet",More Sports,,https://www.thedailystar.net/sports/more-sports/athletics/news/jahid-rifat-rafia-sabina-set-the-pace-national-junior-meet-4215036
"Drama in Portugal-Croatia and Modric says farewell, Argentina plays tonight",Sports Special,,https://www.thedailystar.net/sports/sports-special/fifa-world-cup-2026/news/drama-portugal-croatia-and-modric-says-farewell-argentina-plays-tonight-4215021
"How much ‘respect’ will Scaloni give Cape Verde, who aim to strike Argentina?",Sports Special,,https://www.thedailystar.net/sports/sports-special/fifa-world-cup-2026/news/how-much-respect-will-scaloni-give-cape-verde-who-aim-strike-argentina-4215016
"'No worries, chill': Mantra of Cape Verde’s post‑colonial migrants",Sports Special,,https://www.thedailystar.net/sports/sports-special/fifa-world-cup-2026/news/no-worries-chill-mantra-cape-verdes-post-colonial-migrants-4215011
English pubs get 5:00 am licence for Mexico game,Sports Special,,https://www.thedailystar.net/sports/sports-special/fifa-world-cup-2026/news/english-pubs-get-500-am-licence-mexico-game-4214996
"Socceroos, Pharaohs battle for last-16 spot",Sports Special,,https://www.thedailystar.net/sports/sports-special/fifa-world-cup-2026/news/socceroos-pharaohs-battle-last-16-spot-4214971
Queiroz stands between Colombia and last 16,Sports Special,,https://www.thedailystar.net/sports/sports-special/fifa-world-cup-2026/news/queiroz-stands-between-colombia-and-last-16-4214961
Fairytale Cape Verde stand in Argentina's way,Sports Special,,https://www.thedailystar.net/sports/sports-special/fifa-world-cup-2026/news/fairytale-cape-verde-stand-argentinas-way-4214891
'I don't read social media': Scaloni brushes aside  claims of FIFA favouritism,Sports Special,,https://www.thedailystar.net/sports/sports-special/fifa-world-cup-2026/news/i-dont-read-social-media-scaloni-brushes-aside-claims-fifa-favouritism-4214876
"Savour every Messi moment rather than count down his games, says De Paul",Sports Special,,https://www.thedailystar.net/sports/sports-special/fifa-world-cup-2026/news/savour-every-messi-moment-rather-count-down-his-games-says-de-paul-4214851
Argentina vs Cape Verde: All you need to know,Sports Special,,https://www.thedailystar.net/sports/sports-special/fifa-world-cup-2026/news/argentina-vs-cape-verde-all-you-need-know-4214846
Can Vozinha stop Messi?,Sports Special,,https://www.thedailystar.net/sports/sports-special/fifa-world-cup-2026/news/can-vozinha-stop-messi-4214836
"Nagelsmann quits as Germany coach, say reports",Sports Special,,https://www.thedailystar.net/sports/sports-special/fifa-world-cup-2026/news/nagelsmann-quits-germany-coach-says-reports-4214826
Rajshahi Stars grouped with East Bengal in AFC Women’s Champions League,Football,,https://www.thedailystar.net/sports/football/news/rajshahi-stars-grouped-east-bengal-afc-womens-champions-league-4214801
Endrick backs Ancelotti to continue making 'hard decisions',Sports Special,,https://www.thedailystar.net/sports/sports-special/fifa-world-cup-2026/news/endrick-backs-ancelotti-continue-making-hard-decisions-4214796
Switzerland beat Algeria 2-0 to move into last 16,Sports Special,,https://www.thedailystar.net/sports/sports-special/fifa-world-cup-2026/news/switzerland-beat-algeria-2-0-move-last-16-4214746
"Ghana have 'duty to Africa' to progress at World Cup, says Queiroz",Sports Special,,https://www.thedailystar.net/sports/sports-special/fifa-world-cup-2026/news/ghana-have-duty-africa-progress-world-cup-says-queiroz-4214726
'Balls now have a chip': Martinez defends VAR as Dalic laments 'joyless football',Sports Special,,https://www.thedailystar.net/sports/sports-special/fifa-world-cup-2026/news/balls-now-have-chip-martinez-defends-var-dalic-laments-joyless-football-4214736
'Inspired millions': Modric praised as World Cup career appears at end,Sports Special,,https://www.thedailystar.net/sports/sports-special/fifa-world-cup-2026/news/inspired-millions-modric-praised-world-cup-career-appears-end-4214731
"Messi meeting the 'game of our lives', says Cape Verde coach",Sports Special,,https://www.thedailystar.net/sports/sports-special/fifa-world-cup-2026/news/messi-meeting-the-game-our-lives-says-cape-verde-coach-4214711
'I was just missing a goal or an assist': MOTM Yamal after Spain's win over Austria,Sports Special,,https://www.thedailystar.net/sports/sports-special/fifa-world-cup-2026/news/i-was-just-missing-goal-or-assist-motm-yamal-after-spains-win-over-austria-4214721
'A special moment': Record-breaker Ronaldo pays tribute to Jota after Croatia win,Sports Special,,https://www.thedailystar.net/sports/sports-special/fifa-world-cup-2026/news/special-moment-record-breaker-ronaldo-pays-tribute-jota-after-croatia-win-4214716
"In Pictures: Records, VAR drama and emotion as Portugal edge Croatia",Sports Special,,https://www.thedailystar.net/sports/sports-special/fifa-world-cup-2026/news/pictures-records-var-drama-and-emotion-portugal-edge-croatia-4214706
"Late drama as Ronaldo, Ramos fire Portugal past Croatia to book last-16 tie with Spain",Sports Special,,https://www.thedailystar.net/sports/sports-special/fifa-world-cup-2026/news/late-drama-ronaldo-ramos-fire-portugal-past-croatia-book-last-16-tie-spain-4214701
Ronaldo breaks World Cup knockout duck on emotional night,Sports Special,,https://www.thedailystar.net/sports/sports-special/fifa-world-cup-2026/news/ronaldo-breaks-world-cup-knockout-duck-emotional-night-4214696
"Ronaldo, Modric make World Cup history as football remembers Jota",Sports Special,,https://www.thedailystar.net/sports/sports-special/fifa-world-cup-2026/news/ronaldo-modric-make-world-cup-history-football-remembers-jota-4214676
Oyarzabal strikes twice as Spain sweep aside Austria to reach last 16,Sports Special,,https://www.thedailystar.net/sports/sports-special/fifa-world-cup-2026/news/oyarzabal-strikes-twice-spain-sweep-aside-austria-reach-last-16-4214646
CNBL Pool & Snooker 2026 concludes with grand ceremony,More Sports,CNBL Pool & Snooker 2026 concludes with grand ceremony,https://www.thedailystar.net/sports/more-sports/news/cnbl-pool-snooker-2026-concludes-grand-ceremony-4214981
One must bow out,Sports Special,,https://www.thedailystar.net/sports/sports-special/fifa-world-cup-2026/news/one-must-bow-out-4214591
Harry Kane: England's Wonderwall,Sports Special,,https://www.thedailystar.net/sports/sports-special/fifa-world-cup-2026/news/harry-kane-englands-wonderwall-4214586
Faster than Mbappe: Australia flyer Bos races into World Cup conversation,Sports Special,,https://www.thedailystar.net/sports/sports-special/fifa-world-cup-2026/news/faster-mbappe-australia-flyer-bos-races-world-cup-conversation-4214571
Brazil suffer Paqueta blow ahead of Norway clash,Sports Special,,https://www.thedailystar.net/sports/sports-special/fifa-world-cup-2026/news/brazil-suffer-paqueta-blow-ahead-norway-clash-4214566
Humility central to Diaz’s journey,Sports Special,,https://www.thedailystar.net/sports/sports-special/fifa-world-cup-2026/news/humility-central-diazs-journey-4214326
DR Congo coach’s father dies before England match,Sports Special,,https://www.thedailystar.net/sports/sports-special/fifa-world-cup-2026/news/dr-congo-coachs-father-dies-england-match-4214311
Superb Swiatek storms into Wimbledon third round,Tennis,,https://www.thedailystar.net/sports/more-sports/tennis/news/superb-swiatek-storms-wimbledon-third-round-4214296
Can Spain turn control into goals against Austria?,Sports Special,,https://www.thedailystar.net/sports/sports-special/fifa-world-cup-2026/news/can-spain-turn-control-goals-against-austria-4214286
The elusive dream Cristiano Ronaldo loves to forget,Sports Special,,https://www.thedailystar.net/sports/sports-special/fifa-world-cup-2026/news/the-elusive-dream-cristiano-ronaldo-loves-forget-4214261
Is Portugal the biggest 'disappointment' of this World Cup?,Sports Special,,https://www.thedailystar.net/sports/sports-special/fifa-world-cup-2026/news/portugal-the-biggest-disappointment-world-cup-4214256
"Heartbreak for Africa, England flies to Azteca and will Ronaldo score tonight?",Sports Special,,https://www.thedailystar.net/sports/sports-special/fifa-world-cup-2026/news/heartbreak-africa-england-flies-azteca-and-will-ronaldo-score-tonight-4214251
Former Swiss boss faces old side,Sports Special,,https://www.thedailystar.net/sports/sports-special/fifa-world-cup-2026/news/former-swiss-boss-faces-old-side-4214031
Spain must live up to high expectations: De la Fuente,Sports Special,,https://www.thedailystar.net/sports/sports-special/fifa-world-cup-2026/news/spain-must-live-high-expectations-de-la-fuente-4214026
'A result to celebrate': Bosnia boss says players should be proud of WC journey,Sports Special,,https://www.thedailystar.net/sports/sports-special/fifa-world-cup-2026/news/the-result-we-should-celebrate-bosnia-boss-says-players-should-be-proud-wc-journey-4214011
"Ronaldo vs Modric: Two icons, one final World Cup dream",Sports Special,,https://www.thedailystar.net/sports/sports-special/fifa-world-cup-2026/news/ronaldo-vs-modric-two-icons-one-final-world-cup-dream-4214001
"Triumph, tears and ecstasy: World Cup delivers absolute cinema",Sports Special,,https://www.thedailystar.net/sports/sports-special/fifa-world-cup-2026/news/triumph-tears-and-ecstasy-world-cup-delivers-absolute-cinema-4213986
Belgium coach salutes Tielemans after World Cup rescue act,Sports Special,,https://www.thedailystar.net/sports/sports-special/fifa-world-cup-2026/news/belgium-coach-salutes-tielemans-after-world-cup-rescue-act-4213951
‘One of my favourite nights in England shirt’: Kane after DR Congo escape,Sports Special,,https://www.thedailystar.net/sports/sports-special/fifa-world-cup-2026/news/one-my-favourite-nights-england-shirt-kane-after-dr-congo-escape-4213931
'Balogun did not deserve red card',Sports Special,,https://www.thedailystar.net/sports/sports-special/fifa-world-cup-2026/news/balogun-did-not-deserve-red-card-4213916
Majestic Olise pulling France's strings,Sports Special,,https://www.thedailystar.net/sports/sports-special/fifa-world-cup-2026/news/majestic-olise-pulling-frances-strings-4213571
Portugal carry Jota’s memory into Croatia clash on anniversary of his death,Sports Special,,https://www.thedailystar.net/sports/sports-special/fifa-world-cup-2026/news/portugal-carry-jotas-memory-croatia-clash-anniversary-his-death-4213886
Football is a cruel game: Senegal learn the harshest lesson,Sports Special,,https://www.thedailystar.net/sports/sports-special/fifa-world-cup-2026/news/football-cruel-game-senegal-learn-the-harshest-lesson-4213876
"Kane saves England, Belgium break Senegal hearts as USA makes history",Sports Special,,https://www.thedailystar.net/sports/sports-special/fifa-world-cup-2026/news/kane-saves-england-belgium-break-senegal-hearts-usa-makes-history-4213866
Ten-man USA beat Bosnia-Herzegovina 2-0 to reach last 16,Sports Special,,https://www.thedailystar.net/sports/sports-special/fifa-world-cup-2026/news/usa-beat-bosnia-herzegovina-2-0-reach-last-16-4213856
Jovial Djokovic dismantles Tsitsipas to reach Wimbledon third round,Tennis,,https://www.thedailystar.net/sports/more-sports/tennis/news/jovial-djokovic-dismantles-tsitsipas-reach-wimbledon-third-round-4213851
France in frightening flow,Sports Special,,https://www.thedailystar.net/sports/sports-special/fifa-world-cup-2026/news/france-frightening-flow-4213736
"Belgium fight back to beat Senegal in thriller, reach last 16",Sports Special,,https://www.thedailystar.net/sports/sports-special/fifa-world-cup-2026/news/belgium-fightback-beat-senegal-thriller-book-last-16-spot-4213846
Quiet Haaland might be Brazil's loudest warning,Sports Special,,https://www.thedailystar.net/sports/sports-special/fifa-world-cup-2026/news/quiet-haaland-might-be-brazils-loudest-warning-4213741
"Sinner, Sabalenka into Wimbledon 3rd round",Tennis,,https://www.thedailystar.net/sports/more-sports/tennis/news/sinner-sabalenka-wimbledon-3rd-round-4213731
Kane equals Fontaine in dramatic England escape,Sports Special,,https://www.thedailystar.net/sports/sports-special/fifa-world-cup-2026/news/kane-equals-fontaine-dramatic-england-escape-4213726
Tuchel says England never stopped believing,Sports Special,,https://www.thedailystar.net/sports/sports-special/fifa-world-cup-2026/news/tuchel-says-england-never-stopped-believing-4213721
Captain Kane rescues England in comeback win over DR Congo,Sports Special,,https://www.thedailystar.net/sports/sports-special/fifa-world-cup-2026/news/captain-kane-rescues-england-comeback-win-over-dr-congo-4213551
Aguirre's men end long-standing hoodoo,Sports Special,,https://www.thedailystar.net/sports/sports-special/fifa-world-cup-2026/news/aguirres-men-end-long-standing-hoodoo-4213421
Who will stop this France,Sports Special,,https://www.thedailystar.net/sports/sports-special/fifa-world-cup-2026/news/who-will-stop-france-4213411
"Bangladesh name T20 squad without Litton; Mosaddek, Yasir return",Cricket,,https://www.thedailystar.net/sports/cricket/news/bangladesh-name-t20-squad-without-litton-mosaddek-yasir-return-4213391
Why Norway remain Brazil’s unsolved puzzle,Sports Special,,https://www.thedailystar.net/sports/sports-special/fifa-world-cup-2026/news/why-norway-remain-brazils-unsolved-puzzle-4213366
Gerard Jones outlines vision for Bangladesh youth teams,Football,,https://www.thedailystar.net/sports/football/news/gerard-jones-outlines-vision-bangladesh-youth-teams-4213341
England brace for another low-block test in DR Congo clash,Sports Special,,https://www.thedailystar.net/sports/sports-special/fifa-world-cup-2026/news/england-brace-another-low-block-test-dr-congo-clash-4213326
"How Brazil, who has never lost to Norway, will stop Haaland",Sports Special,,https://www.thedailystar.net/sports/sports-special/fifa-world-cup-2026/news/how-brazil-who-has-never-lost-norway-will-stop-haaland-4213316
Bosnia out to crash American party,Sports Special,,https://www.thedailystar.net/sports/sports-special/fifa-world-cup-2026/news/bosnia-out-crash-american-party-4213311
Who's gonna stop France? Norway sets a date with Brazil and England plays tonight,Sports Special,,https://www.thedailystar.net/sports/sports-special/fifa-world-cup-2026/news/whos-gonna-stop-france-norway-sets-date-brazil-and-england-plays-tonight-4213296
"Brazil's game plan, Ouahbi's prayer, and Orlando's sold-off gloves",Sports Special,,https://www.thedailystar.net/sports/sports-special/fifa-world-cup-2026/news/brazils-game-plan-ouahbis-prayer-and-orlandos-sold-gloves-4213266
Cape Verde 1-0 Argentina? President predicts shock win,Sports Special,,https://www.thedailystar.net/sports/sports-special/fifa-world-cup-2026/news/cape-verde-1-0-argentina-president-predicts-shock-win-4213211
"Mass 'Viking row', uprooted plants and dented trains as Norway fans celebrate",Sports Special,,https://www.thedailystar.net/sports/sports-special/fifa-world-cup-2026/news/mass-viking-row-uprooted-plants-and-dented-trains-norway-fans-celebrate-4213196
"England face DR Congo hurdle, USA prepare for World Cup moment in spotlight",Sports Special,,https://www.thedailystar.net/sports/sports-special/fifa-world-cup-2026/news/england-face-dr-congo-hurdle-usa-prepare-world-cup-moment-spotlight-4213131
"'No complaints, only gratitude': Beccacece bids farewell to Ecuador",Sports Special,,https://www.thedailystar.net/sports/sports-special/fifa-world-cup-2026/news/no-complaints-only-gratitude-beccacece-bids-farewell-ecuador-4213061
'Nobody cared about what I knew': Bielsa in parting 100-minute presser,Sports Special,,https://www.thedailystar.net/sports/sports-special/fifa-world-cup-2026/news/nobody-cared-about-what-i-knew-bielsa-parting-100-minute-presser-4213026
Goodbye to a goalkeeping legend,Sports Special,,https://www.thedailystar.net/sports/sports-special/fifa-world-cup-2026/news/goodbye-goalkeeping-legend-4213006
Ronaldo and Modric struggle to defy Father Time at World Cup,Sports Special,,https://www.thedailystar.net/sports/sports-special/fifa-world-cup-2026/news/ronaldo-and-modric-struggle-defy-father-time-world-cup-4212966
Salah resumes training after hamstring scare,Sports Special,,https://www.thedailystar.net/sports/sports-special/fifa-world-cup-2026/news/salah-resumes-training-after-hamstring-scare-4212906
Mission possible: Mbappe and Deschamps echo the glory of 1998,Sports Special,,https://www.thedailystar.net/sports/sports-special/fifa-world-cup-2026/news/mission-possible-mbappe-and-deschamps-echo-the-glory-1998-4212896
Messi will score more but I want the trophy: Mbappe,Sports Special,,https://www.thedailystar.net/sports/sports-special/fifa-world-cup-2026/news/messi-will-score-more-i-want-the-trophy-mbappe-4212891
Mexico beat Ecuador 2-0 to reach last 16 and end knockout hoodoo,Sports Special,,https://www.thedailystar.net/sports/sports-special/fifa-world-cup-2026/news/mexico-v-ecuador-last-32-match-delayed-storms-4212886
Upending Euro-centric bias,Sports Special,,https://www.thedailystar.net/sports/sports-special/fifa-world-cup-2026/news/upending-euro-centric-bias-4212636
Mbappe draws level with Messi in Golden Boot race,Sports Special,,https://www.thedailystar.net/sports/sports-special/fifa-world-cup-2026/news/mbappe-draws-level-messi-golden-boot-race-4212871
Mbappe brace helps France ease into World Cup last 16,Sports Special,,https://www.thedailystar.net/sports/sports-special/fifa-world-cup-2026/news/mbappe-brace-helps-france-ease-world-cup-last-16-4212866
Haaland hailed as the 'greatest goalscorer' after more World Cup heroics,Sports Special,,https://www.thedailystar.net/sports/sports-special/fifa-world-cup-2026/news/haaland-hailed-the-greatest-goalscorer-after-more-world-cup-heroics-4212861
Koeman steps down as Netherlands coach after World Cup exit,Sports Special,,https://www.thedailystar.net/sports/sports-special/fifa-world-cup-2026/news/koeman-steps-down-netherlands-coach-after-world-cup-exit-4212856
"Valiant Serena beaten on Wimbledon return, Swiatek survives scare",Tennis,,https://www.thedailystar.net/sports/more-sports/tennis/news/valiant-serena-beaten-wimbledon-return-swiatek-survives-scare-4212851
Mourinho's Real Madrid host Real Sociedad in La Liga opener,Football,,https://www.thedailystar.net/sports/football/news/mourinhos-real-madrid-host-real-sociedad-la-liga-opener-4212766
Football brings joy to Venezuelan kids displaced by quakes,Sports Special,,https://www.thedailystar.net/sports/sports-special/fifa-world-cup-2026/news/football-brings-joy-venezuelan-kids-displaced-quakes-4212761
"France reshuffle left flank against Sweden, Digne and Barcola start",Sports Special,,https://www.thedailystar.net/sports/sports-special/fifa-world-cup-2026/news/france-reshuffle-left-flank-against-sweden-digne-and-barcola-start-4212756
Electric evolution of Atlas Lions,Sports Special,,https://www.thedailystar.net/sports/sports-special/fifa-world-cup-2026/news/electric-evolution-atlas-lions-4212566
Haaland scores winner to send Norway into last-16 Brazil clash,Sports Special,,https://www.thedailystar.net/sports/sports-special/fifa-world-cup-2026/news/haaland-winner-helps-norway-knock-out-ivory-coast-set-last-16-clash-brazil-4212751
Welcome to football’s ultimate theatre,Sports Special,,https://www.thedailystar.net/sports/sports-special/fifa-world-cup-2026/news/welcome-footballs-ultimate-theatre-4212481
Zverev wins in four sets to reach Wimbledon round two,Tennis,,https://www.thedailystar.net/sports/more-sports/tennis/news/zverev-wins-four-sets-reach-wimbledon-round-two-4212666
Brook ready for 'great honour' of succeeding Stokes as Test skipper,Cricket,,https://www.thedailystar.net/sports/cricket/news/brook-ready-great-honour-succeeding-stokes-test-skipper-4212656
Calmness that defies logic,Sports Special,,https://www.thedailystar.net/sports/sports-special/fifa-world-cup-2026/news/calmness-defies-logic-4212536
'More to learn' after Zimbabwe drubbing,Cricket,,https://www.thedailystar.net/sports/cricket/news/more-learn-after-zimbabwe-drubbing-4212526
Germany questions footballing identity after fresh World Cup failure,Sports Special,,https://www.thedailystar.net/sports/sports-special/fifa-world-cup-2026/news/germany-questions-footballing-identity-after-fresh-world-cup-failure-4212511
How Carlo Ancelotti's second-half tactics changed Brazil's outcome,Sports Special,,https://www.thedailystar.net/sports/sports-special/fifa-world-cup-2026/news/how-carlo-ancelottis-second-half-tactics-changed-brazils-outcome-4212506
"Knockouts finally kick in, and what's wrong with Germany?",Sports Special,,https://www.thedailystar.net/sports/sports-special/fifa-world-cup-2026/news/knockouts-finally-kick-and-whats-wrong-germany-4212491
The great Asian collapse,Sports Special,,https://www.thedailystar.net/sports/sports-special/fifa-world-cup-2026/news/the-great-asian-collapse-4212476
"Mexico, Ecuador renew rivalry 24 years later",Sports Special,,https://www.thedailystar.net/sports/sports-special/fifa-world-cup-2026/news/mexico-ecuador-renew-rivalry-24-years-later-4212451
"France favourites, Sweden believers",Sports Special,,https://www.thedailystar.net/sports/sports-special/fifa-world-cup-2026/news/france-favourites-sweden-believers-4212421
Ivorians out to steal Haaland’s thunder,Sports Special,,https://www.thedailystar.net/sports/sports-special/fifa-world-cup-2026/news/ivorians-out-steal-haalands-thunder-4212396
Zimbabwe embarrass Tigers with innings and 85-run victory,Cricket,,https://www.thedailystar.net/sports/cricket/news/zimbabwe-embarrass-tigers-biggest-ever-test-win-4212256
"'If Tah's goal is illegal, then Arsenal won't be English champions'",Sports Special,,https://www.thedailystar.net/sports/sports-special/fifa-world-cup-2026/news/if-tahs-goal-illegal-then-arsenal-wont-be-english-champions-4212166
Alisson thanks Bangladesh for unwavering support,Sports Special,,https://www.thedailystar.net/sports/sports-special/fifa-world-cup-2026/news/alisson-thanks-bangladesh-unwavering-support-4212106
Neymar pokes fun at German economist over failed prediction,Sports Special,,https://www.thedailystar.net/sports/sports-special/fifa-world-cup-2026/news/neymar-pokes-fun-german-economist-over-failed-prediction-4212036
From a black-and-white TV to the World Cup stands,Sports Special,,https://www.thedailystar.net/sports/sports-special/fifa-world-cup-2026/news/black-and-white-tv-the-world-cup-stands-4212101
'Morocco have gained everybody's respect',Sports Special,,https://www.thedailystar.net/sports/sports-special/fifa-world-cup-2026/news/morocco-have-gained-everybodys-respect-4212011
Koeman defends defensive approach after Morocco defeat,Sports Special,,https://www.thedailystar.net/sports/sports-special/fifa-world-cup-2026/news/koeman-defends-defensive-approach-after-morocco-defeat-4211981
'We are not a first-class team anymore': Nagelsmann after Germany's shock exit,Sports Special,,https://www.thedailystar.net/sports/sports-special/fifa-world-cup-2026/news/we-are-not-first-class-team-anymore-nagelsmann-after-germanys-shock-exit-4211956
Morocco beat Netherlands on penalties to reach last 16,Sports Special,,https://www.thedailystar.net/sports/sports-special/fifa-world-cup-2026/news/morocco-beat-netherlands-penalties-reach-last-16-4211941
From warriors to legends: Paraguay declares national holiday after historic win,Sports Special,,https://www.thedailystar.net/sports/sports-special/fifa-world-cup-2026/news/warriors-legends-paraguay-declares-national-holiday-after-historic-win-4211926
"Paraguay were born to defend, Alfaro says after shootout win over Germany",Sports Special,,https://www.thedailystar.net/sports/sports-special/fifa-world-cup-2026/news/qualification-all-paraguayans-who-believed-us-4211901
‘We knew we would score’: Ancelotti hails Brazil’s resilience against Japan,Sports Special,,https://www.thedailystar.net/sports/sports-special/fifa-world-cup-2026/news/we-knew-we-would-score-ancelotti-hails-brazils-resilience-against-japan-4211896
"Brazil's escape, Germany's heartbreak in dramatic World Cup night",Sports Special,,https://www.thedailystar.net/sports/sports-special/fifa-world-cup-2026/news/brazils-escape-germanys-heartbreak-dramatic-world-cup-night-4211891
"Paraguay's ecstasy, Germany's agony",Sports Special,,https://www.thedailystar.net/sports/sports-special/fifa-world-cup-2026/news/paraguays-ecstasy-germanys-agony-4211886
Germany dumped out by Paraguay in seismic World Cup shock,Sports Special,,https://www.thedailystar.net/sports/sports-special/fifa-world-cup-2026/news/paraguay-knock-germany-out-world-cup-penalties-major-upset-4211881
'I was saving Neymar for extra-time': Ancelotti,Sports Special,,https://www.thedailystar.net/sports/sports-special/fifa-world-cup-2026/news/i-was-saving-neymar-extra-time-ancelotti-4211811
Latham hails 'old school' New Zealand after downing England,Cricket,,https://www.thedailystar.net/sports/cricket/news/latham-hails-old-school-new-zealand-after-downing-england-4211796
Sinner survives scare to begin Wimbledon defence,Tennis,,https://www.thedailystar.net/sports/more-sports/tennis/news/sinner-survives-scare-begin-wimbledon-defence-4211791
Martinelli keeps Brazil's Hexa dream alive with 95th-minute winner against Japan,Sports Special,,https://www.thedailystar.net/sports/sports-special/fifa-world-cup-2026/news/neymar-bench-brazil-remain-unchanged-against-japan-4211526
'It’s awful news and it shows that football is secondary',Sports Special,,https://www.thedailystar.net/sports/sports-special/fifa-world-cup-2026/news/its-awful-news-and-it-shows-football-secondary-4211491
Taijul shines but Zimbabwe in the driver's seat,Cricket,,https://www.thedailystar.net/sports/cricket/news/taijul-shines-zimbabwe-the-drivers-seat-4211481
Germany and Paraguay set for fiery World Cup reunion after 24 years,Sports Special,,https://www.thedailystar.net/sports/sports-special/fifa-world-cup-2026/news/germany-and-paraguay-set-fiery-world-cup-reunion-after-24-years-4211461
New Zealand thrash hosts England by 160 runs to win Test series 2-1,Cricket,,https://www.thedailystar.net/sports/cricket/news/new-zealand-thrash-hosts-england-160-runs-win-test-series-2-1-4211396
Man City appoint Maresca as Guardiola’s successor,Football,,https://www.thedailystar.net/sports/football/news/man-city-appoint-maresca-guardiolas-successor-4211356
Australia to host Brazil double-header after World Cup,Football,,https://www.thedailystar.net/sports/football/news/australia-host-brazil-double-header-after-world-cup-4211291
"Brazil back on track, ready for Japan test",Sports Special,,https://www.thedailystar.net/sports/sports-special/fifa-world-cup-2026/news/brazil-back-track-ready-japan-test-4211216
Saudi football federation president resigns after group-stage elimination,Sports Special,,https://www.thedailystar.net/sports/sports-special/fifa-world-cup-2026/news/saudi-football-federation-president-resigns-after-group-stage-elimination-4211201
Why Messi’s Jordan free-kick wasn’t as savable as it seemed,Sports Special,,https://www.thedailystar.net/sports/sports-special/fifa-world-cup-2026/news/why-messis-jordan-free-kick-wasnt-savable-it-seemed-4211166
Argentine footballer Trejo loses family in devastating Venezuela quakes,Football,,https://www.thedailystar.net/sports/football/news/argentine-footballer-trejo-loses-family-devastating-venezuela-quakes-4211141
Can Brazil overcome Japan threat?,Sports Special,,https://www.thedailystar.net/sports/sports-special/fifa-world-cup-2026/news/can-brazil-overcome-japan-threat-4210576
Hong resigns as South Korea coach after early World Cup exit,Sports Special,,https://www.thedailystar.net/sports/sports-special/fifa-world-cup-2026/news/hong-resigns-south-korea-coach-after-early-world-cup-exit-4211086
Japan hope to slay Brazil without star player,Sports Special,,https://www.thedailystar.net/sports/sports-special/fifa-world-cup-2026/news/japan-hope-slay-brazil-without-star-player-4211076
Paraguay eye 'life-changing' upset against Germany,Sports Special,,https://www.thedailystar.net/sports/sports-special/fifa-world-cup-2026/news/paraguay-eye-life-changing-upset-against-germany-4211051
‘Dream come true for Canada’,Sports Special,,https://www.thedailystar.net/sports/sports-special/fifa-world-cup-2026/news/dream-come-true-canada-4211026
"The highs, the heartbreak and the heroics of Ben Stokes",Cricket,,https://www.thedailystar.net/sports/cricket/news/the-highs-the-heartbreak-and-the-heroics-ben-stokes-4211021
'Disbelief' in India camp after Ireland debacle,Cricket,,https://www.thedailystar.net/sports/cricket/news/disbelief-india-camp-after-ireland-debacle-4211006
Neymar 'well enough to play more minutes' against Japan,Sports Special,,https://www.thedailystar.net/sports/sports-special/fifa-world-cup-2026/news/neymar-well-enough-play-more-minutes-against-japan-4210971
"Off the bench, Messi still steals the show",Sports Special,,https://www.thedailystar.net/sports/sports-special/fifa-world-cup-2026/news/the-bench-messi-still-steals-the-show-4210566
"Sinner, Djokovic headline Wimbledon's star-studded opening day",Tennis,,https://www.thedailystar.net/sports/more-sports/tennis/news/sinner-djokovic-headline-wimbledons-star-studded-opening-day-4210956
'Japanese Messi' Kubo ruled out of Brazil showdown,Sports Special,,https://www.thedailystar.net/sports/sports-special/fifa-world-cup-2026/news/japanese-messi-kubo-ruled-out-brazil-showdown-4210951
"Eustaquio’s late parents were 'looking down' on Canada winner, says Marsch",Sports Special,,https://www.thedailystar.net/sports/sports-special/fifa-world-cup-2026/news/eustaquios-late-parents-were-looking-down-canada-winner-says-marsch-4210946
'The team is ready': Brazil strike confident tone ahead of Japan clash,Sports Special,,https://www.thedailystar.net/sports/sports-special/fifa-world-cup-2026/news/the-team-ready-brazil-strike-confident-tone-ahead-japan-clash-4210941
Perry stars as Australia knock India out of World Cup,Sports,,https://www.thedailystar.net/sports/womens-sports/news/perry-stars-australia-knock-india-out-world-cup-4210936
Canada reach last 16 after 92nd-minute winner against South Africa,Sports Special,,https://www.thedailystar.net/sports/sports-special/fifa-world-cup-2026/news/canada-reach-last-16-after-92nd-minute-winner-against-south-africa-4210896
New Zealand eye series win as Stokes announces shock England exit,Cricket,,https://www.thedailystar.net/sports/cricket/news/new-zealand-eye-series-win-stokes-announces-shock-england-exit-4210831
Experts call for long-term plan to revive Bangladesh football,Football,,https://www.thedailystar.net/sports/football/news/experts-call-long-term-plan-revive-bangladesh-football-4210806
England get the job done but puzzles remain unsolved,Sports Special,,https://www.thedailystar.net/sports/sports-special/fifa-world-cup-2026/news/england-get-the-job-done-puzzles-remain-unsolved-4210756
Ireland crush India 2-0 in T20 series with thrilling one-run win,Cricket,,https://www.thedailystar.net/sports/cricket/news/ireland-crush-india-2-0-t20-series-thrilling-one-run-win-4210696
Tamim inducted as MCC honorary life member,Cricket,,https://www.thedailystar.net/sports/cricket/news/tamim-inducted-mcc-honorary-life-member-4210561
The beautiful chaos of World Cup group stage,Sports Special,,https://www.thedailystar.net/sports/sports-special/fifa-world-cup-2026/news/the-beautiful-chaos-world-cup-group-stage-4210551
"Tigresses sign off with defeat, secure direct qualification for 2028",Sports,,https://www.thedailystar.net/sports/womens-sports/news/tigresses-sign-defeat-secure-direct-qualification-2028-4210536
England captain Stokes to retire from international cricket,Cricket,,https://www.thedailystar.net/sports/cricket/news/england-captain-stokes-retire-international-cricket-4210521
Zimbabwe seize control after Bangladesh batting collapse,Cricket,,https://www.thedailystar.net/sports/cricket/news/zimbabwe-seize-control-after-bangladesh-batting-collapse-4210516
'World Cup is brutal',Sports Special,,https://www.thedailystar.net/sports/sports-special/fifa-world-cup-2026/news/world-cup-brutal-4210441
"Japan, Neymar’s favourite opponents?",Sports Special,,https://www.thedailystar.net/sports/sports-special/fifa-world-cup-2026/news/japan-neymars-favourite-opponents-4210341
"Canada, South Africa enter uncharted territory",Sports Special,,https://www.thedailystar.net/sports/sports-special/fifa-world-cup-2026/news/canada-south-africa-enter-uncharted-territory-4210296
From 48 to 32: FIFA World Cup 2026 group stage highlights,Sports Special,From 48 to 32: FIFA World Cup 2026 group stage highlights,https://www.thedailystar.net/sports/sports-special/fifa-world-cup-2026/news/48-32-fifa-world-cup-2026-group-stage-highlights-4210226
Scaloni running out of superlatives as Messi continues record-breaking run,Sports Special,,https://www.thedailystar.net/sports/sports-special/fifa-world-cup-2026/news/scaloni-running-out-superlatives-messi-continues-record-breaking-run-4210186
Africa the winner of expanded World Cup,Sports Special,,https://www.thedailystar.net/sports/sports-special/fifa-world-cup-2026/news/africa-the-winner-expanded-world-cup-4210151
Full Round of 32 fixtures and more,Sports Special,,https://www.thedailystar.net/sports/sports-special/fifa-world-cup-2026/news/full-round-32-fixtures-and-more-4210111
"Austria draw with Algeria in thriller to reach knockout stage, Iran eliminated",Sports Special,,https://www.thedailystar.net/sports/sports-special/fifa-world-cup-2026/news/austria-draw-algeria-thriller-reach-knockout-stage-iran-eliminated-4210106
Seventh heaven for Messi as Argentina thrash Jordan in dead rubber,Sports Special,,https://www.thedailystar.net/sports/sports-special/fifa-world-cup-2026/news/messi-first-score-7-successive-wc-matches-argentina-thrash-jordan-dead-rubber-4210101
"Messi comes on, breaks another record",Sports Special,,https://www.thedailystar.net/sports/sports-special/fifa-world-cup-2026/news/messi-summoned-after-argentina-concede-the-first-time-world-cup-4210096
Bellingham says 'job done' but England must improve at World Cup,Sports Special,,https://www.thedailystar.net/sports/sports-special/fifa-world-cup-2026/news/bellingham-says-job-done-england-must-improve-world-cup-4210076
"Lo Celso, Lautaro brush aside doubts over Argentina's lack of scorers beyond Messi",Sports Special,,https://www.thedailystar.net/sports/sports-special/fifa-world-cup-2026/news/lo-celso-lautaro-brush-aside-doubts-over-argentinas-lack-scorers-beyond-messi-4210066
"Scotland, South Korea eliminated from World Cup",Sports Special,,https://www.thedailystar.net/sports/sports-special/fifa-world-cup-2026/news/scotland-south-korea-eliminated-world-cup-4210056
DR Congo make history as they set up World Cup last 32 clash with England,Sports Special,,https://www.thedailystar.net/sports/sports-special/fifa-world-cup-2026/news/dr-congo-seal-place-world-cup-knockouts-comeback-win-over-uzbekistan-4210051
"Ronaldo's Portugal held by Colombia, to face Croatia in Round of 32",Sports Special,,https://www.thedailystar.net/sports/sports-special/fifa-world-cup-2026/news/ronaldos-portugal-held-colombia-face-croatia-round-32-4210046
Scotland boss Clarke resigns after World Cup exit confirmed,Sports Special,,https://www.thedailystar.net/sports/sports-special/fifa-world-cup-2026/news/scotland-boss-clarke-resigns-after-world-cup-exit-confirmed-4210041
Tiny Cape Verde craft towering tale,Sports Special,,https://www.thedailystar.net/sports/sports-special/fifa-world-cup-2026/news/tiny-cape-verde-craft-towering-tale-4209546
Ronaldo starts as Portugal swap Neves for Neves in final group game against Colombia,Sports Special,,https://www.thedailystar.net/sports/sports-special/fifa-world-cup-2026/news/ronaldo-starts-portugal-swap-neves-neves-final-group-game-against-colombia-4210036
Croatia beat Ghana 2-1 as both qualify for World Cup last 32,Sports Special,,https://www.thedailystar.net/sports/sports-special/fifa-world-cup-2026/news/croatia-beat-ghana-2-1-both-qualify-world-cup-last-32-4210026
Kane becomes England's record WC scorer as Three Lions win group with win over Panama,Sports Special,,https://www.thedailystar.net/sports/sports-special/fifa-world-cup-2026/news/kane-becomes-englands-record-wc-scorer-three-lions-win-group-win-over-panama-4210021
World Cup lives up to hype as knockouts beckon,Sports Special,,https://www.thedailystar.net/sports/sports-special/fifa-world-cup-2026/news/world-cup-lives-hype-knockouts-beckon-4209786
DR Congo superfan denied US visa to support team at World Cup,Sports Special,,https://www.thedailystar.net/sports/sports-special/fifa-world-cup-2026/news/dr-congo-superfan-denied-us-visa-support-team-world-cup-4209746
Joty and Co aim to finish strong at Lord’s,Cricket,,https://www.thedailystar.net/sports/cricket/news/joty-and-co-aim-finish-strong-lords-4209586
Ravindra puts New Zealand in command against England,Cricket,,https://www.thedailystar.net/sports/cricket/news/ravindra-puts-new-zealand-command-against-england-4209656
"In Seattle thank-you note, Iran express frustrations over draw with Egypt",Sports Special,,https://www.thedailystar.net/sports/sports-special/fifa-world-cup-2026/news/seattle-thank-you-note-iran-express-frustrations-over-draw-egypt-4209616
Tigers out to hit top form in one-off Zimbabwe Test,Cricket,,https://www.thedailystar.net/sports/cricket/news/tigers-out-hit-top-form-one-zimbabwe-test-4209556
Goal rush in North America,Sports Special,,https://www.thedailystar.net/sports/sports-special/fifa-world-cup-2026/news/goal-rush-north-america-4209566
"Agony for Bielsa, ecstasy for the rest",Sports Special,,https://www.thedailystar.net/sports/sports-special/fifa-world-cup-2026/news/agony-bielsa-ecstasy-the-rest-4209456
"Australia 'gutted' as Italiano, Leckie out of World Cup with injuries",Sports Special,,https://www.thedailystar.net/sports/sports-special/fifa-world-cup-2026/news/australia-gutted-italiano-leckie-out-world-cup-injuries-4209396
World Cup waiting room: Who can still squeeze into the knockouts?,Sports Special,,https://www.thedailystar.net/sports/sports-special/fifa-world-cup-2026/news/world-cup-waiting-room-who-can-still-squeeze-the-knockouts-4209381
'Host country treated us very unfairly': Iran coach criticises US travel restrictions,Sports Special,,https://www.thedailystar.net/sports/sports-special/fifa-world-cup-2026/news/host-country-treated-us-very-unfairly-iran-coach-criticises-us-travel-restrictions-4209341
"England, Portugal eye top spots as World Cup group stages wrap up",Sports Special,,https://www.thedailystar.net/sports/sports-special/fifa-world-cup-2026/news/england-portugal-eye-top-spots-world-cup-group-stages-wrap-4209326
'I left nothing for Uruguay football',Sports Special,,https://www.thedailystar.net/sports/sports-special/fifa-world-cup-2026/news/i-left-nothing-uruguay-football-4209296
Tiny Cape Verde grow in popularity through dream run at World Cup,Sports Special,,https://www.thedailystar.net/sports/sports-special/fifa-world-cup-2026/news/tiny-cape-verde-grow-popularity-through-dream-run-world-cup-4209286
VAR heartbreak for Iran: Why Shoja Khalilzadeh’s late winner was disallowed,Sports Special,,https://www.thedailystar.net/sports/sports-special/fifa-world-cup-2026/news/var-heartbreak-iran-why-shoja-khalilzadehs-late-winner-was-disallowed-4209266
Belgium into World Cup knockouts with 5-1 rout of New Zealand,Sports Special,,https://www.thedailystar.net/sports/sports-special/fifa-world-cup-2026/news/belgium-world-cup-knockouts-5-1-rout-new-zealand-4209246
Iran wait on World Cup progress after draw with Egypt,Sports Special,,https://www.thedailystar.net/sports/sports-special/fifa-world-cup-2026/news/iran-wait-world-cup-progress-after-draw-egypt-4209241
Cape Verde's historic night in Houston,Sports Special,,https://www.thedailystar.net/sports/sports-special/fifa-world-cup-2026/news/cape-verdes-historic-night-houston-4209211
"England, Portugal, Ghana, Egypt, Paraguay go into last 32",Sports Special,,https://www.thedailystar.net/sports/sports-special/fifa-world-cup-2026/news/england-portugal-ghana-egypt-paraguay-go-last-32-4209186
Jubilant Cape Verde set date with Argentina in round of 32,Sports Special,,https://www.thedailystar.net/sports/sports-special/fifa-world-cup-2026/news/jubilant-cape-verde-set-date-argentina-round-32-4209176
Uruguay crash out of World Cup as Spain avoid Argentina clash,Sports Special,,https://www.thedailystar.net/sports/sports-special/fifa-world-cup-2026/news/spain-beat-uruguay-1-0-clinch-group-h-top-spot-4209171
‘Japan play proper football’: Zico says Brazil face tough Japan test,Sports Special,,https://www.thedailystar.net/sports/sports-special/fifa-world-cup-2026/news/japan-play-proper-football-zico-says-brazil-face-tough-japan-test-4209166
Messi on the bench as Argentina make nine changes for Jordan clash,Sports Special,,https://www.thedailystar.net/sports/sports-special/fifa-world-cup-2026/news/messi-start-dead-rubber-group-match-against-jordan-bench-4209161
"Austria, Algeria dismiss talk of avoiding Spain in knockout stage",Sports Special,,https://www.thedailystar.net/sports/sports-special/fifa-world-cup-2026/news/austria-algeria-dismiss-talk-avoiding-spain-knockout-stage-4209156
Five-star Senegal keep World Cup hopes alive and send Iraq home,Sports Special,,https://www.thedailystar.net/sports/sports-special/fifa-world-cup-2026/news/senegal-rout-10-man-iraq-stay-world-cup-hunt-4209151
"Dembele hattrick as France swat Norway, Five-star Senegal stay alive",Sports Special,,https://www.thedailystar.net/sports/sports-special/fifa-world-cup-2026/news/dembele-hattrick-france-swat-norway-five-star-senegal-stay-alive-4209146
Ghana's Semenyo says team must pressure World Cup referees more,Sports Special,,https://www.thedailystar.net/sports/sports-special/fifa-world-cup-2026/news/ghanas-semenyo-says-team-must-pressure-world-cup-referees-more-4209131
Argentina's Romero steps up recovery but set to miss Jordan clash,Sports Special,,https://www.thedailystar.net/sports/sports-special/fifa-world-cup-2026/news/argentinas-romero-steps-recovery-set-miss-jordan-clash-4209126
Hundred hero Duckett punishes New Zealand after Stokes sparks England revival,Cricket,,https://www.thedailystar.net/sports/cricket/news/hundred-hero-duckett-punishes-new-zealand-after-stokes-sparks-england-revival-4209116
Haaland on bench as Mbappe starts in Norway-France showdown,Sports Special,,https://www.thedailystar.net/sports/sports-special/fifa-world-cup-2026/news/haaland-starts-the-bench-mbappe-starts-norway-france-showdown-4209111
Ireland shock T20 world champions India in series opener,Cricket,,https://www.thedailystar.net/sports/cricket/news/ireland-shock-t20-world-champions-india-series-opener-4209106
"Will Scaloni rest Messi, unleash fringe players against Jordan?",Football,,https://www.thedailystar.net/sports/football/news/will-scaloni-rest-messi-unleash-fringe-players-against-jordan-4209091
'We'll fight with our lives to give Messi best farewell': Medina,Sports Special,,https://www.thedailystar.net/sports/sports-special/fifa-world-cup-2026/news/well-fight-our-lives-give-messi-best-farewell-medina-4209071
Minhaz stays unbeaten to clinch Anjan's Rapid Chess,More Sports,,https://www.thedailystar.net/sports/more-sports/chess/news/minhaz-stays-unbeaten-clinch-anjans-rapid-chess-4209056
Isak scolded Elanga for confusion over Sweden's second round qualification,Sports Special,,https://www.thedailystar.net/sports/sports-special/fifa-world-cup-2026/news/isak-scolded-elanga-confusion-over-swedens-second-round-qualification-4209031
"Germany committed 'tactical suicide', says Nagelsmann",Sports Special,,https://www.thedailystar.net/sports/sports-special/fifa-world-cup-2026/news/germany-committed-tactical-suicide-says-nagelsmann-4209021
The incredible grace of Infantiny,Sports Special,,https://www.thedailystar.net/sports/sports-special/fifa-world-cup-2026/news/the-incredible-grace-infantiny-4208981
"Pochettino brushes off Turkey defeat, says winning group was main goal",Sports Special,,https://www.thedailystar.net/sports/sports-special/fifa-world-cup-2026/news/pochettino-brushes-turkey-defeat-says-winning-group-was-main-goal-4208966
Ecuador president declares national holiday after team reach WC knockout phase,Sports Special,,https://www.thedailystar.net/sports/sports-special/fifa-world-cup-2026/news/ecuador-president-declares-national-holiday-after-team-reach-wc-knockout-phase-4208961
"Judgement day in Groups G, H and I",Sports Special,,https://www.thedailystar.net/sports/sports-special/fifa-world-cup-2026/news/judgement-day-groups-g-h-and-i-4208926
Brazil cite Messi goal in FIFA complaint over disallowed Vinicius strike: Report,Sports Special,,https://www.thedailystar.net/sports/sports-special/fifa-world-cup-2026/news/brazil-cite-messi-goal-fifa-complaint-over-disallowed-vinicius-strike-report-4208946
"Mbappe, Haaland set for World Cup duel",Sports Special,,https://www.thedailystar.net/sports/sports-special/fifa-world-cup-2026/news/clash-titans-mbappe-haaland-set-world-cup-duel-4208371
Bielsa says Uruguay face Spain 'final' with Yamal threat looming,Sports Special,,https://www.thedailystar.net/sports/sports-special/fifa-world-cup-2026/news/bielsa-says-uruguay-face-spain-final-lamine-threat-looming-4208871
"Day 15: Ecuador stun Germany, Japan book Brazil showdown as knockout picture sharpens",Sports Special,,https://www.thedailystar.net/sports/sports-special/fifa-world-cup-2026/news/day-15-ecuador-stun-germany-japan-book-brazil-showdown-knockout-picture-sharpens-4208911
An unrealised dream and one lingering question,Sports Special,,https://www.thedailystar.net/sports/sports-special/fifa-world-cup-2026/news/unrealised-dream-and-one-lingering-question-4208891
Koeman wary of Morocco threat despite topping group,Sports Special,,https://www.thedailystar.net/sports/sports-special/fifa-world-cup-2026/news/koeman-wary-morocco-threat-despite-topping-group-4208881
"‘Argentina fans trolled us’, says Brazil fan and Bangladesh keeper Zico",Sports Special,,https://www.thedailystar.net/sports/sports-special/fifa-world-cup-2026/news/argentina-fans-trolled-us-says-brazil-fan-and-bangladesh-keeper-zico-4208851
‘Not a pushover’: Japan coach reminds their win over Brazil in previous game before WC clash,Sports Special,,https://www.thedailystar.net/sports/sports-special/fifa-world-cup-2026/news/not-pushover-japan-coach-reminds-their-win-over-brazil-previous-game-world-cup-clash-4208811
Turkey beat US 3-2 with last-gasp winner,Sports Special,,https://www.thedailystar.net/sports/sports-special/fifa-world-cup-2026/news/turkey-beat-usa-3-2-final-group-d-game-4208801
Australia reach World Cup knockouts after goalless draw with Paraguay,Sports Special,,https://www.thedailystar.net/sports/sports-special/fifa-world-cup-2026/news/australia-reach-world-cup-knockouts-after-goalless-draw-paraguay-4208791
FIFA World Cup: Worst group-stage performances from Bolivia to Tunisia,Sports Special,,https://www.thedailystar.net/sports/sports-special/fifa-world-cup-2026/news/fifa-world-cup-worst-group-stage-performances-bolivia-tunisia-4208786
Pride flags allowed at Egypt-Iran World Cup clash: FIFA,Sports Special,,https://www.thedailystar.net/sports/sports-special/fifa-world-cup-2026/news/pride-flags-allowed-egypt-iran-world-cup-clash-fifa-4208781
Dutch march into knockouts as group winners to book Morocco date,Sports Special,,https://www.thedailystar.net/sports/sports-special/fifa-world-cup-2026/news/dutch-march-knockouts-group-winners-4208776
Japan to play Brazil in knockouts after nervy Sweden draw,Sports Special,,https://www.thedailystar.net/sports/sports-special/fifa-world-cup-2026/news/japan-through-world-cup-last-32-after-1-1-draw-sweden-4208771
"Plata, Pepe dream bigger after Ecuador, Ivory Coast clinch historic knockout berths",Sports Special,,https://www.thedailystar.net/sports/sports-special/fifa-world-cup-2026/news/plata-pepe-dream-bigger-after-ecuador-ivory-coast-clinch-historic-knockout-berths-4208766
FIFA World Cup 2026 sets all-time attendance record,Sports Special,FIFA World Cup 2026 sets all-time attendance record,https://www.thedailystar.net/sports/sports-special/fifa-world-cup-2026/news/fifa-world-cup-2026-sets-all-time-attendance-record-4208761
The night Ecuador refused to fall,Sports Special,,https://www.thedailystar.net/sports/sports-special/fifa-world-cup-2026/news/the-night-ecuador-refused-fall-4208756
Pepe brace sends Ivory Coast to first-ever knockouts,Sports Special,,https://www.thedailystar.net/sports/sports-special/fifa-world-cup-2026/news/pepe-brace-sends-ivory-coast-first-ever-knockouts-4208746
Ecuador fight back to shock Germany and reach knockout stage,Sports Special,,https://www.thedailystar.net/sports/sports-special/fifa-world-cup-2026/news/ecuador-fight-back-shock-germany-and-reach-knockout-stage-4208731
"Latham, Conway break 96-year-old record before Stokes breakthrough",Cricket,,https://www.thedailystar.net/sports/cricket/news/latham-conway-break-96-year-old-record-stokes-breakthrough-4208691
Maradona’s ‘Hand of God’ ball heads to auction as collectables soar,Sports,,https://www.thedailystar.net/sports/news/maradonas-hand-god-ball-heads-auction-collectables-soar-4208661
Schick retires from international football after World Cup exit,Sports Special,,https://www.thedailystar.net/sports/sports-special/fifa-world-cup-2026/news/schick-retires-international-after-world-cup-exit-4208651
"Neymar inspires, Vinicius delivers",Sports Special,,https://www.thedailystar.net/sports/sports-special/fifa-world-cup-2026/news/neymar-inspires-vinicius-delivers-4208376
"The fault in ‘Brazilliance’, and CR7’s evolving character arc",Sports Special,,https://www.thedailystar.net/sports/sports-special/fifa-world-cup-2026/news/the-fault-brazilliance-and-cr7s-evolving-character-arc-4208641
Tigresses’ semifinal hopes extinguished after five-wicket loss to India,Cricket,,https://www.thedailystar.net/sports/cricket/news/tigresses-semifinal-hopes-extinguished-after-five-wicket-loss-india-4208446
Tracing the roots behind World Cup badge,Sports Special,,https://www.thedailystar.net/sports/sports-special/fifa-world-cup-2026/news/tracing-the-roots-behind-world-cup-badge-4208381
FIFA opens way for Russia youth team to enter competition,Football,,https://www.thedailystar.net/sports/football/news/fifa-opens-way-russia-youth-team-enter-competition-4208341
Encouraged Curacao say they're primed to shock Ivory Coast,Sports Special,,https://www.thedailystar.net/sports/sports-special/fifa-world-cup-2026/news/encouraged-curacao-say-theyre-primed-shock-ivory-coast-4208336
Tigers name unchanged ODI squad for Zimbabwe tour,Cricket,,https://www.thedailystar.net/sports/cricket/news/tigers-name-unchanged-odi-squad-zimbabwe-tour-4208326
Ancelotti and Vinicius reunion pays dividends for Brazil,Sports Special,,https://www.thedailystar.net/sports/sports-special/fifa-world-cup-2026/news/ancelotti-and-vinicius-reunion-pays-dividends-brazil-4208281
Neymar sheds tears in dressing room after emotional comeback,Sports Special,,https://www.thedailystar.net/sports/sports-special/fifa-world-cup-2026/news/neymar-sheds-tears-dressing-room-after-emotional-comeback-4208241
FIFA suspends Nepal over third-party interference,Football,,https://www.thedailystar.net/sports/football/news/fifa-suspends-nepal-over-third-party-interference-4208216
Haiti bow out with pride as 6 teams exit World Cup so far,Football,,https://www.thedailystar.net/sports/football/news/haiti-bow-out-pride-6-teams-exit-world-cup-so-far-4208066
Bangladesh face India in Women's T20 World Cup survival battle,Cricket,,https://www.thedailystar.net/sports/cricket/news/bangladesh-face-india-womens-t20-world-cup-survival-battle-4207971
Clash of the Titans: Star-studded Golden Boot race lighting up World Cup,Sports Special,,https://www.thedailystar.net/sports/sports-special/fifa-world-cup-2026/news/clash-the-titans-star-studded-golden-boot-race-lighting-world-cup-4207946
177 goals and counting: World Cup 2026 breaks record for most goals scored in a single tournament,Sports Special,177 goals and counting: World Cup 2026 breaks record for most goals scored in a single tournament,https://www.thedailystar.net/sports/sports-special/fifa-world-cup-2026/news/175-goals-and-counting-world-cup-2026-breaks-record-most-goals-scored-single-tournament-4207936
Brazil vs Argentina in the semis?,Sports Special,,https://www.thedailystar.net/sports/sports-special/fifa-world-cup-2026/news/brazil-vs-argentina-the-semis-4207901
Ronaldo rewrites the narrative,Sports Special,,https://www.thedailystar.net/sports/sports-special/fifa-world-cup-2026/news/ronaldo-rewrites-the-narrative-4207736
'We shut up big mouths': South Africa coach Broos,Sports Special,,https://www.thedailystar.net/sports/sports-special/fifa-world-cup-2026/news/we-shut-big-mouths-south-africa-coach-broos-4207871
The final call is still human,Sports Special,,https://www.thedailystar.net/sports/sports-special/fifa-world-cup-2026/news/the-final-call-still-human-4207866
Ochoa gets perfect Azteca send-off,Sports Special,,https://www.thedailystar.net/sports/sports-special/fifa-world-cup-2026/news/ochoa-gets-perfect-azteca-send-4207851
Was it really a foul? Vinicius' disallowed goal sparks controversy,Sports Special,,https://www.thedailystar.net/sports/sports-special/fifa-world-cup-2026/news/was-it-really-foul-vinicius-disallowed-goal-sparks-controversy-4207831
Mexico thrash Czech Republic 3-0 to maintain perfect Group A record,Sports Special,,https://www.thedailystar.net/sports/sports-special/fifa-world-cup-2026/news/mexico-thrash-czech-republic-3-0-maintain-perfect-group-record-4207821
South Africa stun South Korea to make World Cup history,Sports Special,,https://www.thedailystar.net/sports/sports-special/fifa-world-cup-2026/news/south-africa-stun-south-korea-make-world-cup-history-4207811
‘We're not perfect’: Ancelotti tells Brazil to stay calm after 3-0 win over Scotland,Sports Special,,https://www.thedailystar.net/sports/sports-special/fifa-world-cup-2026/news/were-not-perfect-ancelotti-tells-brazil-stay-calm-after-3-0-win-over-scotland-4207801
Neymar returns for Brazil but there's a new Junior in town,Sports Special,,https://www.thedailystar.net/sports/sports-special/fifa-world-cup-2026/news/neymar-returns-brazil-theres-new-junior-town-4207791
"'Hey Jude', England will be fine",Sports Special,,https://www.thedailystar.net/sports/sports-special/fifa-world-cup-2026/news/hey-jude-england-will-be-fine-4207786
"Vinicius sparkles, Neymar returns and Cunha rides the wave",Sports Special,,https://www.thedailystar.net/sports/sports-special/fifa-world-cup-2026/news/vinicius-sparkles-neymar-returns-and-cunha-rides-the-wave-4207781
Morocco overcome historic Haiti goals to maintain momentum,Sports Special,,https://www.thedailystar.net/sports/sports-special/fifa-world-cup-2026/news/morocco-earn-comeback-win-over-haiti-reach-last-32-4207776
Vinicius double helps Brazil past Scotland into knockouts,Sports Special,,https://www.thedailystar.net/sports/sports-special/fifa-world-cup-2026/news/vinicius-double-helps-brazil-past-scotland-knockouts-4207771
Bosnia-Herzegovina qualify for last 32,Sports Special,,https://www.thedailystar.net/sports/sports-special/fifa-world-cup-2026/news/bosnia-strong-position-reach-last-32-qatar-out-world-cup-4207721
Rayan replaces Raphinha as Neymar starts on Brazil bench against Scotland,Sports Special,,https://www.thedailystar.net/sports/sports-special/fifa-world-cup-2026/news/rayan-replaces-raphinha-neymar-starts-brazil-bench-against-scotland-4207716
"Switzerland down co-hosts Canada to top Group B, both progress",Sports Special,,https://www.thedailystar.net/sports/sports-special/fifa-world-cup-2026/news/switzerland-down-co-hosts-canada-top-group-b-both-progress-4207711
"Neymar returns: At long last, but for how long?",Sports Special,,https://www.thedailystar.net/sports/sports-special/fifa-world-cup-2026/news/neymar-returns-long-last-how-long-4207411
Ghana draw cools England hype and revives familiar questions,Sports Special,,https://www.thedailystar.net/sports/sports-special/fifa-world-cup-2026/news/ghana-draw-cools-england-hype-and-revives-familiar-questions-4207401
Messi the goat wins Kansas over,Sports Special,,https://www.thedailystar.net/sports/sports-special/fifa-world-cup-2026/news/messi-the-goat-wins-kansas-over-4207396
"Costumes, goals and glories of Day 13",Sports Special,,https://www.thedailystar.net/sports/sports-special/fifa-world-cup-2026/news/costumes-goals-and-glories-day-13-4207351
Neymar 'can play from halftime or the whole 90 minutes': Ancelotti,Sports Special,,https://www.thedailystar.net/sports/sports-special/fifa-world-cup-2026/news/neymar-can-play-halftime-or-the-whole-90-minutes-ancelotti-4207136
"Infantino says hydration breaks purely sporting, not commercial",Sports Special,,https://www.thedailystar.net/sports/sports-special/fifa-world-cup-2026/news/infantino-says-hydration-breaks-purely-sporting-not-commercial-4207116
Diaspora World Cup champions diversity over division,Sports Special,,https://www.thedailystar.net/sports/sports-special/fifa-world-cup-2026/news/diaspora-world-cup-champions-diversity-over-division-4207086
Tuchel says Ghana defensive wall was toughest he has seen,Sports Special,,https://www.thedailystar.net/sports/sports-special/fifa-world-cup-2026/news/tuchel-says-ghana-defensive-wall-was-toughest-he-has-seen-4207071
McCullum dismisses talk of rift with Stokes,Cricket,,https://www.thedailystar.net/sports/cricket/news/mccullum-dismisses-talk-rift-stokes-4207046
Head‑to‑head rule brings early winners and losers,Sports Special,,https://www.thedailystar.net/sports/sports-special/fifa-world-cup-2026/news/head-head-rule-brings-early-winners-and-losers-4207016
"Key qualification equations as Groups A, B and C face decision day",Sports Special,,https://www.thedailystar.net/sports/sports-special/fifa-world-cup-2026/news/key-qualification-equations-groups-b-and-c-face-decision-day-4207006
"Day 13: Ronaldo roars, Colombia through, Croatia alive, England held",Sports Special,,https://www.thedailystar.net/sports/sports-special/fifa-world-cup-2026/news/day-13-ronaldo-roars-colombia-through-croatia-alive-england-held-4206986
Munoz sends Colombia into last 32 with win over DR Congo,Sports Special,,https://www.thedailystar.net/sports/sports-special/fifa-world-cup-2026/news/munoz-sends-colombia-last-32-win-over-dr-congo-4206981
"Neymar available, but questions remain",Sports Special,,https://www.thedailystar.net/sports/sports-special/fifa-world-cup-2026/news/neymar-available-questions-remain-4206901
Mbappe: Built for the biggest occasion,Sports Special,,https://www.thedailystar.net/sports/sports-special/fifa-world-cup-2026/news/mbappe-built-the-biggest-occasion-4206906
Eternal kid at the peak of destiny,Football,,https://www.thedailystar.net/sports/football/news/eternal-kid-the-peak-destiny-4206961
Budimir gives Croatia 1-0 win to eliminate Panama,Sports Special,,https://www.thedailystar.net/sports/sports-special/fifa-world-cup-2026/news/budimir-gives-croatia-1-0-win-eliminate-panama-4206956
US eases restrictions on Iran for final World Cup group game,Sports Special,,https://www.thedailystar.net/sports/sports-special/fifa-world-cup-2026/news/us-eases-restrictions-iran-final-world-cup-group-game-4206931
Morocco squad 'supporting' Hakimi despite impending rape trial,Sports Special,,https://www.thedailystar.net/sports/sports-special/fifa-world-cup-2026/news/morocco-squad-supporting-hakimi-despite-impending-rape-trial-4206926
England left frustrated by Ghana in goalless draw,Sports Special,,https://www.thedailystar.net/sports/sports-special/fifa-world-cup-2026/news/england-held-goalless-draw-ghana-4206921
Deschamps to miss France's final group game after mother's death,Sports Special,,https://www.thedailystar.net/sports/sports-special/fifa-world-cup-2026/news/deschamps-miss-frances-final-group-game-after-mothers-death-4206911
Records galore for Ronaldo,Sports Special,,https://www.thedailystar.net/sports/sports-special/fifa-world-cup-2026/news/records-galore-ronaldo-4206896
'I'm back': Ronaldo silences critics the best way he knows,Sports Special,,https://www.thedailystar.net/sports/sports-special/fifa-world-cup-2026/news/im-back-ronaldo-silences-critics-the-best-way-he-knows-4206886
Croatia chase redemption as Modric makes history,Sports Special,,https://www.thedailystar.net/sports/sports-special/fifa-world-cup-2026/news/croatia-chase-redemption-modric-makes-history-4206426
Ronaldo's redemption,Sports Special,,https://www.thedailystar.net/sports/sports-special/fifa-world-cup-2026/news/ronaldos-redemption-4206806
Vintage Ronaldo rewrites history in Houston,Sports Special,,https://www.thedailystar.net/sports/sports-special/fifa-world-cup-2026/news/vintage-ronaldo-rewrites-history-houston-4206801
Ronaldo scores twice as Portugal hit top gear in 5-0 rout of Uzbekistan,Sports Special,,https://www.thedailystar.net/sports/sports-special/fifa-world-cup-2026/news/ronaldo-scores-twice-portugal-hit-top-gear-5-0-rout-uzbekistan-4206796
'I only look at my team': Mbappe puts World Cup glory above records,Sports Special,,https://www.thedailystar.net/sports/sports-special/fifa-world-cup-2026/news/i-only-look-my-team-mbappe-puts-world-cup-glory-above-records-4206676
Ronaldo first man to score at six World Cups,Sports Special,,https://www.thedailystar.net/sports/sports-special/fifa-world-cup-2026/news/ronaldo-first-man-score-six-world-cups-4206631
Messi splitting the atoms of his game,Sports Special,,https://www.thedailystar.net/sports/sports-special/fifa-world-cup-2026/news/messi-splitting-the-atoms-his-game-4206441
Up next Ghana as flying England chase knockouts,Sports Special,,https://www.thedailystar.net/sports/sports-special/fifa-world-cup-2026/news/next-ghana-flying-england-chase-knockouts-4206486
How Ronaldo’s refusal to yield inspires a generation,Sports Special,,https://www.thedailystar.net/sports/sports-special/fifa-world-cup-2026/news/how-ronaldos-refusal-yield-inspires-generation-4206461
England coach McCullum denies rift with 'good friend' Stokes,Cricket,,https://www.thedailystar.net/sports/cricket/news/england-coach-mccullum-denies-rift-good-friend-stokes-4206456
Belgium’s Doku set to rejoin World Cup squad after son’s birth,Sports Special,,https://www.thedailystar.net/sports/sports-special/fifa-world-cup-2026/news/belgiums-doku-set-rejoin-world-cup-squad-after-sons-birth-4206421
"Saka no longer in pain, Tuchel says",Sports Special,,https://www.thedailystar.net/sports/sports-special/fifa-world-cup-2026/news/saka-no-longer-pain-tuchel-says-4206411
Ronaldo up against unwanted numbers ahead of Uzbekistan clash,Sports Special,,https://www.thedailystar.net/sports/sports-special/fifa-world-cup-2026/news/ronaldo-against-unwanted-numbers-ahead-uzbekistan-clash-4206341
Why age does not catch up with Messi,Sports Special,,https://www.thedailystar.net/sports/sports-special/fifa-world-cup-2026/news/why-age-does-not-catch-messi-4206286
"Ronaldo, Portugal seek response against Uzbekistan",Sports Special,,https://www.thedailystar.net/sports/sports-special/fifa-world-cup-2026/news/ronaldo-portugal-seek-response-against-uzbekistan-4206276
'Let's be realistic',Sports Special,,https://www.thedailystar.net/sports/sports-special/fifa-world-cup-2026/news/lets-be-realistic-4206191
Why Haaland uses a different name when playing for Norway?,Sports Special,,https://www.thedailystar.net/sports/sports-special/fifa-world-cup-2026/news/why-haaland-uses-different-name-when-playing-norway-4206186
"England, Ghana eye last 32 as Portugal look for lift-off",Sports Special,,https://www.thedailystar.net/sports/sports-special/fifa-world-cup-2026/news/england-ghana-eye-last-32-portugal-look-lift-4206131
World Cup woes return to haunt Bielsa and Uruguay,Sports Special,,https://www.thedailystar.net/sports/sports-special/fifa-world-cup-2026/news/world-cup-woes-return-haunt-bielsa-and-uruguay-4206106
The other World Cup,Sports Special,,https://www.thedailystar.net/sports/sports-special/fifa-world-cup-2026/news/the-other-world-cup-4206076
Deschamps backs Mbappe to break Messi's record,Sports Special,,https://www.thedailystar.net/sports/sports-special/fifa-world-cup-2026/news/deschamps-backs-mbappe-break-messis-record-4206066
Argentina top group as Algeria beat Jordan 2-1,Sports Special,,https://www.thedailystar.net/sports/sports-special/fifa-world-cup-2026/news/algeria-beat-jordan-2-1-4206036
Miroslav Klose congratulates ‘best footballer of all time’ Messi,Sports Special,,https://www.thedailystar.net/sports/sports-special/fifa-world-cup-2026/news/miroslav-klose-congratulates-best-footballer-all-time-messi-4206016
Norway’s Viking row celebration after 3-2 win over Senegal,Sports Special,,https://www.thedailystar.net/sports/sports-special/fifa-world-cup-2026/news/norways-viking-row-celebration-after-3-2-win-over-senegal-4205991
"Messi leads, Mbappe chases: The battle for World Cup scoring record",Sports Special,,https://www.thedailystar.net/sports/sports-special/fifa-world-cup-2026/news/messi-leads-mbappe-chases-the-battle-world-cup-scoring-record-4205981
Two-goal Haaland fires Norway into World Cup last 32,Sports Special,,https://www.thedailystar.net/sports/sports-special/fifa-world-cup-2026/news/haalands-second-world-cup-double-lifts-norway-past-senegal-4205946
Mbappe double sends France into knockout rounds after lengthy weather delay,Sports Special,,https://www.thedailystar.net/sports/sports-special/fifa-world-cup-2026/news/france-iraq-game-suspended-due-severe-weather-alert-4205931
‘Level of his own’: Rangnick admits Messi superiority,Sports Special,,https://www.thedailystar.net/sports/sports-special/fifa-world-cup-2026/news/level-his-own-rangnick-admits-messi-superiority-4205841
Who await Messi and Co. in the knockout stage?,Sports Special,,https://www.thedailystar.net/sports/sports-special/fifa-world-cup-2026/news/who-await-messi-and-co-the-knockout-stage-4205831
'Very tired' Messi savours record night as Argentina march on,Sports Special,,https://www.thedailystar.net/sports/sports-special/fifa-world-cup-2026/news/very-tired-messi-savours-record-night-argentina-march-4205786
All the records Messi broke as Argentina advance,Sports Special,,https://www.thedailystar.net/sports/sports-special/fifa-world-cup-2026/news/argentina-advance-messi-makes-more-world-cup-records-4205781
Messi's record-breaking night,Sports Special,,https://www.thedailystar.net/sports/sports-special/fifa-world-cup-2026/news/messis-record-breaking-night-4205766
Magical Messi makes World Cup history to send Argentina into last 32,Sports Special,,https://www.thedailystar.net/sports/sports-special/fifa-world-cup-2026/news/magic-messi-makes-world-cup-history-send-argentina-last-32-4205736
"For father, son and country: Egypt finally triumph",Sports Special,,https://www.thedailystar.net/sports/sports-special/fifa-world-cup-2026/news/father-son-and-country-egypt-finally-triumph-4205731
Mbappe set for century and more as France face Iraq,Sports Special,,https://www.thedailystar.net/sports/sports-special/fifa-world-cup-2026/news/mbappe-set-century-and-more-france-face-iraq-4205606
Messi breaks all-time World Cup record with 17th Goal,Sports Special,,https://www.thedailystar.net/sports/sports-special/fifa-world-cup-2026/news/messi-breaks-all-time-world-cup-record-17th-goal-4205571
"Amid World Cup frenzy, rising stars of Magura quietly lift U-17 title",Football,,https://www.thedailystar.net/sports/football/news/amid-world-cup-frenzy-rising-stars-magura-quietly-lift-u-17-title-4205496
Mushfiqur wins ICC Player of the Month award for May,Cricket,,https://www.thedailystar.net/sports/cricket/news/mushfiqur-wins-icc-player-the-month-award-may-4205491
"BCB brings forth new U-19 setup, prioritising local coaches",Cricket,,https://www.thedailystar.net/sports/cricket/news/bcb-brings-forth-new-u-19-setup-prioritising-local-coaches-4205481
'Messi has made us expect the unexpected',Sports Special,,https://www.thedailystar.net/sports/sports-special/fifa-world-cup-2026/news/messi-has-made-us-expect-the-unexpected-4205426
The encounter Jeremy Doku cannot miss,Football,,https://www.thedailystar.net/sports/football/news/the-encounter-jeremy-doku-cannot-miss-4205411
Pure passion and pitch drama: The best photos from Day 12,Sports Special,,https://www.thedailystar.net/sports/sports-special/fifa-world-cup-2026/news/pure-passion-and-pitch-drama-the-best-photos-day-12-4205381
Can Messi do a Maradona against Austria?,Sports Special,,https://www.thedailystar.net/sports/sports-special/fifa-world-cup-2026/news/can-messi-do-maradona-against-austria-4205326
Germany defender Schlotterbeck out of World Cup with ankle injury,Sports Special,,https://www.thedailystar.net/sports/sports-special/fifa-world-cup-2026/news/germany-defender-schlotterbeck-out-world-cup-ankle-injury-4205316
Champions meet chaos,Sports Special,,https://www.thedailystar.net/sports/sports-special/fifa-world-cup-2026/news/champions-meet-chaos-4205281
Mbappe ready for 'special' 100th cap for France,Sports Special,,https://www.thedailystar.net/sports/sports-special/fifa-world-cup-2026/news/mbappe-ready-special-100th-cap-france-4205276
"Brazil boss Ancelotti’s ‘intensity’ remark reaches Argentina camp, Scaloni answers",Sports Special,,https://www.thedailystar.net/sports/sports-special/news/brazil-boss-ancelottis-intensity-remark-reaches-argentina-camp-scaloni-answers-4205256
"Scaloni uneasy with stop-start games, says cooling breaks aid underdogs",Football,,https://www.thedailystar.net/sports/football/news/scaloni-uneasy-stop-start-games-says-cooling-breaks-aid-underdogs-4205176
"Named after Brazilian great, Egypt's Zico turns holiday plans into World Cup dreams",Sports Special,,https://www.thedailystar.net/sports/sports-special/fifa-world-cup-2026/news/named-after-brazilian-great-egypts-zico-turns-holiday-plans-world-cup-dreams-4205126
Ronaldo ‘just another member’ in Portugal but there’s no scorer like him: Conceicao,Sports Special,,https://www.thedailystar.net/sports/sports-special/fifa-world-cup-2026/news/ronaldo-just-another-member-portugal-theres-no-scorer-him-conceicao-4205096
Cape Verde are not here to make up the numbers,Sports Special,,https://www.thedailystar.net/sports/sports-special/fifa-world-cup-2026/news/cape-verde-are-not-here-make-the-numbers-4205051
'Thank you Los Angeles': Iran leave note of thanks in locker room after draw with Belgium,Sports Special,,https://www.thedailystar.net/sports/sports-special/fifa-world-cup-2026/news/thank-you-los-angeles-iran-leave-note-thanks-locker-room-after-draw-belgium-4205046
Messi: Unburdened and in full flight,Sports Special,,https://www.thedailystar.net/sports/sports-special/fifa-world-cup-2026/news/messi-unburdened-and-full-flight-4204551
Calculative risks pay off as Tigresses chase something more significant,Cricket,,https://www.thedailystar.net/sports/cricket/news/calculative-risk-pays-tigresses-chase-something-more-significant-4205036
Timeless Messi eyes World Cup record as Argentina face Austria,Sports Special,,https://www.thedailystar.net/sports/sports-special/fifa-world-cup-2026/news/timeless-messi-eyes-world-cup-record-argentina-face-austria-4205021
Salah magic inspires Egypt to historic World Cup victory,Sports Special,,https://www.thedailystar.net/sports/sports-special/fifa-world-cup-2026/news/egypt-beat-new-zealand-3-1-their-first-world-cup-win-history-4205011
Japan’s statement of intent,Sports Special,,https://www.thedailystar.net/sports/sports-special/fifa-world-cup-2026/news/japans-statement-intent-4204976
Argentina weaknesses? Austria's coach can't find any,Sports Special,,https://www.thedailystar.net/sports/sports-special/fifa-world-cup-2026/news/argentina-weaknesses-austrias-coach-cant-find-any-4204971
Cape Verde fight back for second World Cup draw against Uruguay,Sports Special,,https://www.thedailystar.net/sports/sports-special/fifa-world-cup-2026/news/cape-verde-fight-back-second-world-cup-draw-against-uruguay-4204966
Ghalenoei hails Iran's unbeaten run as a 'great achievement',Sports Special,,https://www.thedailystar.net/sports/sports-special/fifa-world-cup-2026/news/ghalenoei-hails-irans-unbeaten-run-great-achievement-4204961
Serena Williams given Wimbledon singles wildcard,Sports,,https://www.thedailystar.net/sports/womens-sports/news/serena-williams-given-wimbledon-singles-wildcard-4204891
"'Absurd' to doubt Spain, says De la Fuente after Saudi Arabia rout",Sports Special,,https://www.thedailystar.net/sports/sports-special/fifa-world-cup-2026/news/absurd-doubt-spain-says-de-la-fuente-after-saudi-arabia-rout-4204881
Iraq's Arnold promises to have a go against France,Sports Special,,https://www.thedailystar.net/sports/sports-special/fifa-world-cup-2026/news/iraqs-arnold-promises-have-go-against-france-world-cup-4204851
Kapp stars as South Africa edge India in Women's World Cup thriller,Sports,,https://www.thedailystar.net/sports/womens-sports/news/kapp-stars-south-africa-edge-india-womens-world-cup-thriller-4204831
Stokes to return as England captain for third NZ Test: McCullum,Cricket,,https://www.thedailystar.net/sports/cricket/news/stokes-return-england-captain-third-nz-test-mccullum-4204826
Beiranvand heroics help Iran hold 10-man Belgium to goalless draw,Sports Special,,https://www.thedailystar.net/sports/sports-special/fifa-world-cup-2026/news/beiranvand-heroics-help-iran-hold-10-man-belgium-goalless-draw-4204821
Yamal scores on injury return as Spain thrash Saudi Arabia,Sports Special,,https://www.thedailystar.net/sports/sports-special/fifa-world-cup-2026/news/yamal-scores-world-cup-debut-spain-beat-saudi-arabia-4-0-4204666
Litton ruled out of Zimbabwe Test,Cricket,,https://www.thedailystar.net/sports/cricket/news/litton-ruled-out-zimbabwe-test-4204601
Belgium brace for motivated Iran,Sports Special,,https://www.thedailystar.net/sports/sports-special/fifa-world-cup-2026/news/belgium-brace-motivated-iran-4204531
‘The results in this World Cup have been unpredictable’,Sports Special,,https://www.thedailystar.net/sports/sports-special/fifa-world-cup-2026/news/the-results-world-cup-have-been-unpredictable-4204536
A dream come true: The journey from Dhaka to Kansas for Messi,Sports Special,,https://www.thedailystar.net/sports/sports-special/fifa-world-cup-2026/news/dream-come-true-the-journey-dhaka-kansas-messi-4204526
'Spain living in a bubble but motivated by criticism',Sports Special,,https://www.thedailystar.net/sports/sports-special/fifa-world-cup-2026/news/spain-living-bubble-motivated-criticism-4204506
Egypt coach denies Salah rift before New Zealand clash,Sports Special,,https://www.thedailystar.net/sports/sports-special/fifa-world-cup-2026/news/egypt-coach-denies-salah-rift-new-zealand-clash-4204496
'Cape Verde's World Cup campaign for underdogs all over Africa',Sports Special,,https://www.thedailystar.net/sports/sports-special/fifa-world-cup-2026/news/cape-verdes-world-cup-campaign-underdogs-all-over-africa-4204491
Yamal says the best is yet to come,Sports Special,,https://www.thedailystar.net/sports/sports-special/fifa-world-cup-2026/news/yamal-says-the-best-yet-come-4204421
Henry the hero as New Zealand level England series in style,Cricket,,https://www.thedailystar.net/sports/cricket/news/henry-the-hero-new-zealand-level-england-series-style-4204386
Sooryavanshi smashes fastest List A half-century,Cricket,,https://www.thedailystar.net/sports/cricket/news/sooryavanshi-smashes-fastest-list-half-century-4204291
Spain target convincing win to dispel World Cup doubts,Sports Special,,https://www.thedailystar.net/sports/sports-special/fifa-world-cup-2026/news/spain-target-convincing-win-dispel-world-cup-doubts-4204186
Curacao keeper Room jokes he deserves statue after World Cup heroics,Sports Special,,https://www.thedailystar.net/sports/sports-special/fifa-world-cup-2026/news/curacao-keeper-room-jokes-he-deserves-statue-after-world-cup-heroics-4204196
Why own goals are skyrocketing this World Cup,Sports Special,,https://www.thedailystar.net/sports/sports-special/fifa-world-cup-2026/news/why-own-goals-are-skyrocketing-world-cup-4204206
Australia romp to 3-0 series whitewash,Cricket,,https://www.thedailystar.net/sports/cricket/news/hridoy-hits-fifty-tigers-limp-1098-third-t20i-4204171
"Japan stroll to victory over Tunisia in World Cup's 1,000th game",Sports Special,,https://www.thedailystar.net/sports/sports-special/fifa-world-cup-2026/news/japan-run-riot-4-0-thrashing-tunisia-go-out-4204111
Hosts rising to the occasion,Sports Special,,https://www.thedailystar.net/sports/sports-special/fifa-world-cup-2026/news/hosts-rising-the-occasion-4203636
Nagelsmann says Germany has higher ambitions than advancing to knockout stage,Sports Special,,https://www.thedailystar.net/sports/sports-special/fifa-world-cup-2026/news/nagelsmann-says-germany-has-higher-ambitions-advancing-knockout-stage-4204101
Abdus Sadeque: The best and the nicest,More Sports,,https://www.thedailystar.net/sports/more-sports/news/abdus-sadeque-the-best-and-the-nicest-4204086
15 saves in 90 minutes: Curacao’s Room sets World Cup record,Sports Special,,https://www.thedailystar.net/sports/sports-special/fifa-world-cup-2026/news/15-saves-90-minutes-curacaos-room-sets-world-cup-record-4204076
"Iran World Cup travel restrictions to be eased, says coach",Sports Special,,https://www.thedailystar.net/sports/sports-special/fifa-world-cup-2026/news/iran-world-cup-travel-restrictions-be-eased-says-coach-4204066
When will Raphinha be fit again for Brazil?,Sports Special,,https://www.thedailystar.net/sports/sports-special/fifa-world-cup-2026/news/when-will-raphinha-be-fit-again-brazil-4204061
Keeper Room shines as Curacao hold Ecuador for historic World Cup draw,Football,,https://www.thedailystar.net/sports/football/news/curacao-win-maiden-world-cup-point-0-0-draw-ecuador-4204036
"Unlucky 7th, and red cards on the table",Football,,https://www.thedailystar.net/sports/football/news/unlucky-7th-and-red-cards-the-table-4204031
Lula pokes fun at Neymar as world’s first 'work-from-home' national team player,Sports Special,,https://www.thedailystar.net/sports/sports-special/fifa-world-cup-2026/news/lula-pokes-fun-neymar-worlds-first-work-home-national-team-player-4204026
Ronaldinho set for surprise return at 46 with Italian third-tier club,Football,,https://www.thedailystar.net/sports/football/news/ronaldinho-set-surprise-return-46-italian-third-tier-club-4204006
Undav stars as Germany reach WC knockout stage for first time since 2014,Football,,https://www.thedailystar.net/sports/football/news/undav-stars-germany-reach-wc-knockout-stage-first-time-2014-4203991
Netherlands thump Sweden to get World Cup liftoff,Sports Special,,https://www.thedailystar.net/sports/sports-special/fifa-world-cup-2026/news/netherlands-thump-sweden-get-world-cup-liftoff-4203841
The illusion of dominance,Sports Special,,https://www.thedailystar.net/sports/sports-special/fifa-world-cup-2026/news/the-illusion-dominance-4203796
"Brazil get the win, not the spark",Sports Special,,https://www.thedailystar.net/sports/sports-special/fifa-world-cup-2026/news/brazil-get-the-win-not-the-spark-4203606
Tigresses beat Pakistan to keep semifinal hopes alive,Cricket,,https://www.thedailystar.net/sports/cricket/news/tigresses-beat-pakistan-keep-semifinal-hopes-alive-4203661
"Dalot defends Ronaldo, hits back at Portugal critics",Sports Special,,https://www.thedailystar.net/sports/sports-special/fifa-world-cup-2026/news/dalot-defends-ronaldo-hits-back-portugal-critics-4203631
1000th World Cup kick-off awaits Tunisia and Japan,Sports Special,,https://www.thedailystar.net/sports/sports-special/fifa-world-cup-2026/news/1000th-world-cup-kick-awaits-tunisia-and-japan-4203621
'Everybody's crying',Sports Special,,https://www.thedailystar.net/sports/sports-special/fifa-world-cup-2026/news/everybodys-crying-4203596
How many points are needed to advance to the World Cup knockouts?,Sports Special,,https://www.thedailystar.net/sports/sports-special/fifa-world-cup-2026/news/how-many-points-are-needed-advance-the-world-cup-knockouts-4203586
Morocco impress with free-flowing football but fail to turn style into goals,Sports Special,,https://www.thedailystar.net/sports/sports-special/fifa-world-cup-2026/news/morocco-impress-free-flowing-football-fail-turn-style-goals-4203571
7 and counting: ‘Own goal’ leads World Cup scoring charts,Sports Special,,https://www.thedailystar.net/sports/sports-special/fifa-world-cup-2026/news/7-and-counting-own-goal-leads-world-cup-scoring-charts-4203516
Why Almiron saw red: A look at the new World Cup rules,Sports Special,,https://www.thedailystar.net/sports/sports-special/fifa-world-cup-2026/news/why-almiron-saw-red-look-the-new-world-cup-rules-4203441
"Germany meet Ivory Coast in high-stakes clash, Sweden face Dutch",Football,,https://www.thedailystar.net/sports/football/news/germany-meet-ivory-coast-high-stakes-clash-sweden-face-dutch-4203421
Hasan keen on picking Anderson's brains next time they meet,Cricket,,https://www.thedailystar.net/sports/cricket/news/hasan-keen-picking-andersons-brains-next-time-they-meet-4203366
"Day 9 at a glance: Heroes, records and a red card",Football,,https://www.thedailystar.net/sports/football/news/matchday-9-glance-heroes-records-and-red-card-4203351
Tigresses eye winning return against Pakistan,More Sports,,https://www.thedailystar.net/sports/more-sports/news/tigresses-eye-winning-return-against-pakistan-4203311
Hockey legend Abdus Sadeque passes away,More Sports,,https://www.thedailystar.net/sports/more-sports/news/hockey-legend-abdus-sadeque-passes-away-4203286
The star Tunisia let slip away,Sports Special,,https://www.thedailystar.net/sports/sports-special/fifa-world-cup-2026/news/the-star-tunisia-let-slip-away-4203246
10-man Paraguay eliminate Turkiye with tense 1-0 win,Sports Special,,https://www.thedailystar.net/sports/sports-special/fifa-world-cup-2026/news/10-man-paraguay-eliminate-turkiye-tense-1-0-win-4203281
Ancelotti hails Brazil's 'complete performance',Sports Special,,https://www.thedailystar.net/sports/sports-special/fifa-world-cup-2026/news/ancelotti-hails-brazils-complete-performance-4203266
Paraguay's Almiron sent off under new FIFA 'mouth-covering' rule,Sports Special,,https://www.thedailystar.net/sports/sports-special/fifa-world-cup-2026/news/paraguays-almiron-sent-under-new-fifa-mouth-covering-rule-4203271
Brazil reclaim World Cup scoring record from Germany,Sports Special,,https://www.thedailystar.net/sports/sports-special/fifa-world-cup-2026/news/brazil-reclaim-world-cup-scoring-record-germany-4203261
Ancelotti confirms Neymar's availability for Scotland clash,Sports Special,,https://www.thedailystar.net/sports/sports-special/fifa-world-cup-2026/news/ancelotti-confirms-neymars-availability-scotland-clash-4203251
Iran's treatment at World Cup 'a dark point' for football: official,Sports Special,,https://www.thedailystar.net/sports/sports-special/fifa-world-cup-2026/news/irans-treatment-world-cup-dark-point-football-official-4203241
In Pictures: Brazil's emphatic win against Haiti,Sports Special,,https://www.thedailystar.net/sports/sports-special/fifa-world-cup-2026/news/pictures-brazils-emphatic-win-against-haiti-4203236
Brazil cruise past Haiti to re-ignite World Cup campaign,Sports Special,,https://www.thedailystar.net/sports/sports-special/fifa-world-cup-2026/news/cunhavinicius-target-brazil-knock-haiti-out-wc-3-0-win-4203211
Saibari scores after 71 seconds as Morocco beat Scotland to close in on knockouts,Sports Special,,https://www.thedailystar.net/sports/sports-special/fifa-world-cup-2026/news/morocco-beat-scotland-close-world-cup-knockouts-4203201
‘We were progressing’: Emon rues momentum shift as Australia win T20I series,Cricket,,https://www.thedailystar.net/sports/cricket/news/we-were-progressing-emon-rues-momentum-shift-australia-win-t20i-series-4203141
USA beat Australia 2-0 to reach World Cup knockouts,Sports Special,,https://www.thedailystar.net/sports/sports-special/fifa-world-cup-2026/news/usa-reach-world-cup-knockout-round-dominant-2-0-win-over-australia-4203131
Injured Pulisic out of USA's second World Cup match,Sports Special,,https://www.thedailystar.net/sports/sports-special/fifa-world-cup-2026/news/injured-pulisic-out-usas-second-world-cup-match-4202956
Algeria complain to FIFA about refereeing in loss to Argentina,Sports Special,,https://www.thedailystar.net/sports/sports-special/fifa-world-cup-2026/news/algeria-complain-fifa-about-refereeing-loss-argentina-4202951
Africa’s time to shine?,Sports Special,,https://www.thedailystar.net/sports/sports-special/fifa-world-cup-2026/news/africas-time-shine-4202921
Ton-up Nicholls turns the screw for New Zealand against England,Cricket,,https://www.thedailystar.net/sports/cricket/news/ton-nicholls-turns-the-screw-new-zealand-against-england-4202946
What the duck: World Cup gets quackers in North America,Sports Special,,https://www.thedailystar.net/sports/sports-special/fifa-world-cup-2026/news/what-the-duck-world-cup-gets-quackers-north-america-4202926
Iran to lodge FIFA complaint over World Cup travel restrictions,Sports Special,,https://www.thedailystar.net/sports/sports-special/fifa-world-cup-2026/news/iran-lodge-fifa-complaint-over-world-cup-travel-restrictions-4202911
"Ivory Coast's Diomande living World Cup dream, dealing with tragedy",Sports Special,,https://www.thedailystar.net/sports/sports-special/fifa-world-cup-2026/news/ivory-coasts-diomande-living-world-cup-dream-dealing-tragedy-4202901
Why Brazil and Haiti are more than rivals,Sports Special,,https://www.thedailystar.net/sports/sports-special/fifa-world-cup-2026/news/why-brazil-and-haiti-are-more-rivals-4202896
Brazil seek reset against Haiti,Sports Special,,https://www.thedailystar.net/sports/sports-special/fifa-world-cup-2026/news/brazil-seek-reset-against-haiti-4202841
"Japan's men told to clean at home, not just the World Cup",Sports Special,,https://www.thedailystar.net/sports/sports-special/fifa-world-cup-2022/news/japans-men-told-clean-home-not-just-the-world-cup-4202781
Australia clinch T20I series against Bangladesh with seven-run victory,Cricket,,https://www.thedailystar.net/sports/cricket/news/renshaws-unbeaten-89-powers-australia-196-5-against-bangladesh-4202761
FIFA World Cup fever fuels Bangladesh’s economy,Sports Special,,https://www.thedailystar.net/sports/sports-special/fifa-world-cup-2026/news/fifa-world-cup-fever-fuels-bangladeshs-economy-4202756
Iran to lodge complaint with FIFA over World Cup travel restrictions,Sports Special,,https://www.thedailystar.net/sports/sports-special/fifa-world-cup-2026/news/iran-lodge-complaint-fifa-over-world-cup-travel-restrictions-4202721
"A goal, an instant without shadows",Sports Special,,https://www.thedailystar.net/sports/sports-special/fifa-world-cup-2026/news/goal-instant-without-shadows-4202696
Scaloni faces striker dilemma after Argentina's opening win,Sports Special,,https://www.thedailystar.net/sports/sports-special/fifa-world-cup-2026/news/scaloni-faces-striker-dilemma-after-argentinas-opening-win-4202691
Blowing past barriers: Tori Penso’s historic World Cup moment,Sports Special,,https://www.thedailystar.net/sports/sports-special/fifa-world-cup-2026/news/blowing-past-barriers-tori-pensos-historic-world-cup-moment-4202686
Mexico become first team to reach World Cup knockout phase,Sports Special,,https://www.thedailystar.net/sports/sports-special/fifa-world-cup-2026/news/mexico-become-first-team-reach-world-cup-knockout-phase-4202681
From goalkeeper dreams to goalscoring glory: Swiss wonderkid Manzambi dazzles at the World Cup,Sports Special,,https://www.thedailystar.net/sports/sports-special/fifa-world-cup-2026/news/goalkeeper-dreams-goalscoring-glory-swiss-wonderkid-manzambi-dazzles-the-world-cup-4202671
Ancelotti stays calm as Brazil seek to fix flaws against Haiti,Sports Special,,https://www.thedailystar.net/sports/sports-special/fifa-world-cup-2026/news/ancelotti-stays-calm-brazil-seek-fix-flaws-against-haiti-4202661
Horror injury overshadows co-hosts Canada's 6-0 win over Qatar,Sports Special,,https://www.thedailystar.net/sports/sports-special/fifa-world-cup-2026/news/horror-injury-overshadows-canadas-first-world-cup-win-4202656
"‘It's unbelievable, it's historic’: Canada romp to first World Cup win",Football,,https://www.thedailystar.net/sports/football/news/its-unbelievable-its-historic-canada-romp-first-world-cup-win-4202651
Neuer will retire from national team again after World Cup,Sports Special,,https://www.thedailystar.net/sports/sports-special/fifa-world-cup-2026/news/neuer-will-retire-national-team-again-after-world-cup-4202641
Super subs send Swiss to rout of Bosnia-Herzegovina,Sports Special,,https://www.thedailystar.net/sports/sports-special/fifa-world-cup-2026/news/super-subs-send-swiss-rout-bosnia-herzegovina-4202636
Messi's father recovering from 'health issue': family,Football,,https://www.thedailystar.net/sports/football/news/messis-father-recovering-health-issue-family-4202626
Minnows make waves as World Cup aristocrats wobble,Sports Special,,https://www.thedailystar.net/sports/sports-special/fifa-world-cup-2026/news/minnows-make-waves-world-cup-aristocrats-wobble-4202606
New Zealand's Henry rocks England in 2nd Test after Phillips century,Cricket,,https://www.thedailystar.net/sports/cricket/news/new-zealands-henry-rocks-england-2nd-test-after-phillips-century-4202571
The shackles are off for England,Sports Special,,https://www.thedailystar.net/sports/sports-special/fifa-world-cup-2026/news/the-shackles-are-england-4202561
"South Africa hold Czechs, keep World Cup knockout dream alive",Sports Special,,https://www.thedailystar.net/sports/sports-special/fifa-world-cup-2026/news/south-africa-hold-czechs-keep-world-cup-knockout-dream-alive-4202496
Important or selfish? World Cup evidence mounts against Ronaldo,Sports Special,,https://www.thedailystar.net/sports/sports-special/fifa-world-cup-2026/news/important-or-selfish-world-cup-evidence-mounts-against-ronaldo-4202431
Top 7 World Cup debutants who stole the spotlight,Football,,https://www.thedailystar.net/sports/football/news/top-7-world-cup-debutants-who-stole-the-spotlight-4202241
Portugal's World Cup 'far from over': Ronaldo,Football,,https://www.thedailystar.net/sports/football/news/portugals-world-cup-far-over-ronaldo-4202201
Ivory Coast’s Wahi cleared to enter Canada for match against Germany,Sports Special,,https://www.thedailystar.net/sports/sports-special/fifa-world-cup-2026/news/ivory-coasts-wahi-denied-canada-visa-amid-spot-fixing-suspicions-4202181
The Beautiful Game in full colour,Sports Special,,https://www.thedailystar.net/sports/sports-special/fifa-world-cup-2026/news/the-beautiful-game-full-colour-4202166
De Paul: The relentless heartbeat behind Argentina’s World Cup charge,Football,,https://www.thedailystar.net/sports/football/news/de-paul-the-relentless-heartbeat-behind-argentinas-world-cup-charge-4202146
A morning painted in sky blue,Sports Special,,https://www.thedailystar.net/sports/sports-special/fifa-world-cup-2026/news/morning-painted-sky-blue-4202011
"Mexico, Korea eye World Cup knockout berths",Sports Special,,https://www.thedailystar.net/sports/sports-special/fifa-world-cup-2026/news/mexico-korea-eye-world-cup-knockout-berths-4201916
"Messi, the timeless one",Sports Special,,https://www.thedailystar.net/sports/sports-special/fifa-world-cup-2026/news/messi-the-timeless-one-4201911
Bellingham hopes goal-scoring World Cup display will silence 'noise',Sports Special,,https://www.thedailystar.net/sports/sports-special/fifa-world-cup-2026/news/bellingham-hopes-goal-scoring-world-cup-display-will-silence-noise-4201851
South Africa midfielder Zwane handed three-match World Cup ban,Sports Special,,https://www.thedailystar.net/sports/sports-special/fifa-world-cup-2026/news/south-africa-midfielder-zwane-handed-three-match-world-cup-ban-4201866
Tigers fall to Australia’s wind ‘trap’ and lacklustre approach,Cricket,,https://www.thedailystar.net/sports/cricket/news/tigers-fall-australias-wind-trap-and-lacklustre-approach-4201856
"After Italy, Bosnia target another famous win over Swiss",Sports Special,,https://www.thedailystar.net/sports/sports-special/fifa-world-cup-2026/news/after-italy-bosnia-target-another-famous-win-over-swiss-4201841
Favourites but not flawless,Sports Special,,https://www.thedailystar.net/sports/sports-special/fifa-world-cup-2026/news/favourites-not-flawless-4201401
Lula jokes he is thinking of 'signing Messi' for Brazil,Sports Special,,https://www.thedailystar.net/sports/sports-special/fifa-world-cup-2026/news/lula-jokes-he-thinking-signing-messi-brazil-4201796
"'The team needs to score, not you': Ronaldo under scrutiny after lacklustre performance",Sports Special,,https://www.thedailystar.net/sports/sports-special/fifa-world-cup-2026/news/the-team-needs-score-not-you-ronaldo-under-scrutiny-after-lacklustre-performance-4201786
Diaz shines as Colombia beat debutants Uzbekistan 3-1,Sports Special,,https://www.thedailystar.net/sports/sports-special/fifa-world-cup-2026/news/diaz-shines-colombia-beat-debutants-uzbekistan-3-1-4201781
Fans boo hydration breaks during World Cup matches,Football,,https://www.thedailystar.net/sports/football/news/fans-boo-hydration-breaks-during-world-cup-matches-4201776
A historic goal in the time of Ebola brings rare joy in Bunia,Sports Special,,https://www.thedailystar.net/sports/sports-special/fifa-world-cup-2026/news/historic-goal-the-time-ebola-brings-rare-joy-bunia-4201761
A never-seen-before race for the summit,Sports Special,,https://www.thedailystar.net/sports/sports-special/fifa-world-cup-2026/news/never-seen-race-the-summit-4201466
Yirenkyi's last-gasp winner seals 1-0 victory for Ghana over Panama,Football,,https://www.thedailystar.net/sports/football/news/yirenkyis-last-gasp-winner-seals-1-0-victory-ghana-over-panama-4201756
The superstar and his surreal satellite,Sports Special,,https://www.thedailystar.net/sports/sports-special/fifa-world-cup-2026/news/the-superstar-and-his-surreal-satellite-4201416
Kane's prowess cannot mask England's frailties at the back,Sports Special,,https://www.thedailystar.net/sports/sports-special/fifa-world-cup-2026/news/kanes-prowess-cannot-mask-englands-frailties-the-back-4201741
Mandhana stars in India rout of Netherlands at Women's T20 World Cup,Sports Special,,https://www.thedailystar.net/sports/sports-special/news/mandhana-stars-india-rout-netherlands-womens-t20-world-cup-4201736
Korea coach slams 'unfortunate' drone incident at training,Sports Special,,https://www.thedailystar.net/sports/sports-special/fifa-world-cup-2026/news/korea-coach-slams-unfortunate-drone-incident-training-4201731
"Blundell, Phillips lead New Zealand recovery against England",Cricket,,https://www.thedailystar.net/sports/cricket/news/blundell-phillips-lead-new-zealand-recovery-against-england-4201726
England put four past Croatia in emphatic win,Sports Special,,https://www.thedailystar.net/sports/sports-special/fifa-world-cup-2026/news/england-put-four-past-croatia-emphatic-win-4201721
Cape Verde No.1 Vozinha to be reunited with mum at World Cup after visa issue,Sports Special,,https://www.thedailystar.net/sports/sports-special/fifa-world-cup-2026/news/cape-verde-no1-vozinha-be-reunited-mum-world-cup-after-visa-issue-4201641
Ronaldo fails to shine as DR Congo earn historic World Cup point,Sports Special,,https://www.thedailystar.net/sports/sports-special/fifa-world-cup-2026/news/ronaldo-fails-shine-dr-congo-earn-historic-world-cup-point-4201631
"Haaland World Cup goals shook Norway's foundations, says seismology institute",Sports Special,,https://www.thedailystar.net/sports/sports-special/fifa-world-cup-2026/news/haaland-world-cup-goals-shook-norways-foundations-says-seismology-institute-4201521
Dembele still searching for a home in France team,Sports Special,,https://www.thedailystar.net/sports/sports-special/fifa-world-cup-2026/news/dembele-still-searching-home-france-team-4201371
Bernardo Silva signs two-year deal with Real Madrid,Football,,https://www.thedailystar.net/sports/football/news/bernardo-silva-signs-two-year-deal-real-madrid-4201351
'Ronaldo as excited for sixth World Cup as his first',Sports Special,,https://www.thedailystar.net/sports/sports-special/fifa-world-cup-2026/news/ronaldo-excited-sixth-world-cup-his-first-4201321
Tigresses crumble to heavy loss against Australia,Sports,,https://www.thedailystar.net/sports/womens-sports/news/tigresses-crumble-heavy-loss-against-australia-4201311
'He’s a madman': Football world left spellbound by vintage Messi masterclass,Sports Special,,https://www.thedailystar.net/sports/sports-special/fifa-world-cup-2026/news/hes-madman-football-world-left-spellbound-vintage-messi-masterclass-4201296
England enter World Cup fray as Ronaldo makes history,Sports Special,,https://www.thedailystar.net/sports/sports-special/fifa-world-cup-2026/news/england-enter-world-cup-fray-ronaldo-makes-history-4201286
"World Cup goals record 'just a number', says Messi",Sports Special,,https://www.thedailystar.net/sports/sports-special/fifa-world-cup-2026/news/world-cup-goals-record-just-number-says-messi-4201136
"Zidane returns to World Cup, but in Algeria colours",Sports Special,,https://www.thedailystar.net/sports/sports-special/fifa-world-cup-2026/news/zidane-returns-world-cup-algeria-colours-4201096
Australia beat Bangladesh by four wickets in 1st T20I,Cricket,,https://www.thedailystar.net/sports/cricket/news/hridoy-stands-captain-tigers-bat-debutant-4201081
Austria return to World Cup with win over Jordan,Sports Special,,https://www.thedailystar.net/sports/sports-special/fifa-world-cup-2026/news/austria-return-world-cup-win-over-jordan-4201061
Did Messi deserve a card? Debate rages despite historic hattrick,Sports Special,,https://www.thedailystar.net/sports/sports-special/fifa-world-cup-2026/news/did-messi-deserve-card-debate-rages-despite-historic-hattrick-4201026
Algeria coach says errors helped Messi score hattrick to tie World Cup record,Sports Special,,https://www.thedailystar.net/sports/sports-special/fifa-world-cup-2026/news/algeria-coach-says-errors-helped-messi-score-hat-trick-tie-world-cup-record-4201016
Messi calls it a 'beautiful moment' after record-breaking World Cup hattrick,Sports Special,,https://www.thedailystar.net/sports/sports-special/fifa-world-cup-2026/news/messi-calls-it-beautiful-moment-after-record-breaking-world-cup-hattrick-4201006
"Messi, Mbappe and Haaland: Three stars, one unforgettable World Cup day",Sports Special,,https://www.thedailystar.net/sports/sports-special/fifa-world-cup-2026/news/messi-mbappe-and-haaland-three-stars-one-unforgettable-world-cup-day-4200991
In pictures: Moments from Argentina vs Algeria WC match,Sports Special,,https://www.thedailystar.net/sports/sports-special/fifa-world-cup-2026/news/pictures-moments-argentina-vs-algeria-wc-match-4200981
Magical Messi shines as Argentina begin title defence with 3-0 win over Algeria,Football,,https://www.thedailystar.net/sports/football/news/argentina-beat-algeria-3-0-messi-ties-world-cup-goals-record-4200971
Messi equals all-time goalscoring record at World Cups with hattrick,Football,,https://www.thedailystar.net/sports/football/news/messi-equals-all-time-goalscoring-record-world-cups-4200951
'He can win games in one moment': Deschamps hails 'extraordinary' Mbappe,Sports Special,,https://www.thedailystar.net/sports/sports-special/fifa-world-cup-2026/news/he-can-win-games-one-moment-deschamps-hails-extraordinary-mbappe-4200946
Lautaro Martinez to start for Argentina against Algeria; Mahrez benched,Sports Special,,https://www.thedailystar.net/sports/sports-special/fifa-world-cup-2026/news/lautaro-martinez-start-argentina-against-algeria-mahrez-benched-4200941
Haaland double powers Norway to World Cup win over Iraq,Sports Special,,https://www.thedailystar.net/sports/sports-special/fifa-world-cup-2026/news/haaland-double-powers-norway-world-cup-win-over-iraq-4200936
Cape Verde withstand Spanish inquisition,Sports Special,,https://www.thedailystar.net/sports/sports-special/fifa-world-cup-2026/news/cape-verde-withstand-spanish-inquisition-4200931
Serena Williams defeated in Berlin ahead of Wimbledon return,Tennis,,https://www.thedailystar.net/sports/more-sports/tennis/news/serena-williams-defeated-berlin-ahead-wimbledon-return-4200911
France beat Senegal as Mbappe ignites World Cup opener,Sports Special,,https://www.thedailystar.net/sports/sports-special/fifa-world-cup-2026/news/france-beat-senegal-mbappe-ignites-world-cup-opener-4200921
Neymar back in training with Brazil at World Cup,Sports Special,,https://www.thedailystar.net/sports/sports-special/fifa-world-cup-2026/news/neymar-back-training-brazil-world-cup-4200906
Infantino celebrates '1 million fans' so far at World Cup matches,Sports Special,,https://www.thedailystar.net/sports/sports-special/fifa-world-cup-2026/news/infantino-celebrates-1-million-fans-so-far-world-cup-matches-4200926
One last shot at legacy,Sports Special,,https://www.thedailystar.net/sports/sports-special/fifa-world-cup-2026/news/one-last-shot-legacya-4200516
New Zealand pick Nicholls to replace Williamson in second Test,Cricket,,https://www.thedailystar.net/sports/cricket/news/new-zealand-pick-nicholls-replace-williamson-second-test-4200561
Chalobah replaces injured England defender Livramento at World Cup,Sports Special,,https://www.thedailystar.net/sports/sports-special/fifa-world-cup-2026/news/chalobah-replaces-injured-england-defender-livramento-world-cup-4200526
A night that belonged to the keepers,Sports Special,,https://www.thedailystar.net/sports/sports-special/fifa-world-cup-2026/news/night-belonged-the-keepers-4200506
Wadifa suffers opening-round defeat at World Youth Chess Championship,More Sports,,https://www.thedailystar.net/sports/more-sports/news/wadifa-suffers-opening-round-defeat-world-youth-chess-championship-4200501
"Argentina to win 2-0, predicts Topu Barman",Sports Special,,https://www.thedailystar.net/sports/sports-special/fifa-world-cup-2026/news/argentina-win-2-0-predicts-topu-barman-4200496
Juairiya targets attacking approach against Australia,Cricket,,https://www.thedailystar.net/sports/cricket/news/juairiya-targets-attacking-approach-against-australia-4200481
Referee of Argentina-France World Cup classic to take charge of Argentina opener,Sports Special,,https://www.thedailystar.net/sports/sports-special/fifa-world-cup-2026/news/referee-argentina-france-world-cup-classic-take-charge-argentina-opener-4200461
Scaloni’s selection call: how will holders Argentina line up vs Algeria?,Sports Special,,https://www.thedailystar.net/sports/sports-special/fifa-world-cup-2026/news/scalonis-selection-call-how-will-holders-argentina-line-vs-algeria-4200456
Albiceleste fans unleash a global frenzy ahead of World Cup opener,Sports Special,,https://www.thedailystar.net/sports/sports-special/fifa-world-cup-2026/news/albiceleste-fans-unleash-global-frenzy-ahead-world-cup-opener-4200441
'Let's give the ball to Haaland',Sports Special,,https://www.thedailystar.net/sports/sports-special/fifa-world-cup-2026/news/lets-give-the-ball-haaland-4200391
Messi’s 200th appearance and more: All you need to know before Argentina-Algeria clash,Sports Special,,https://www.thedailystar.net/sports/sports-special/fifa-world-cup-2026/news/messis-200th-appearance-and-more-all-you-need-know-argentina-algeria-clash-4200356
Soumya drafted in as Bangladesh monitor Litton’s fitness,Cricket,,https://www.thedailystar.net/sports/cricket/news/soumya-drafted-bangladesh-monitor-littons-fitness-4200286
Argentina vow to respect Algeria after 2022 opener scare,Sports Special,,https://www.thedailystar.net/sports/sports-special/fifa-world-cup-2026/news/argentina-vow-respect-algeria-after-2022-opener-scare-4200276
Bielsa says 'I'm not a model' after World Cup exchange,Sports Special,,https://www.thedailystar.net/sports/sports-special/fifa-world-cup-2026/news/bielsa-says-im-not-model-after-world-cup-exchange-4200271
'Brazil no longer have the same number of world-class superstars they once had',Sports Special,,https://www.thedailystar.net/sports/sports-special/fifa-world-cup-2026/news/brazil-no-longer-have-the-same-number-world-class-superstars-they-once-had-4200251
Heavyweights Argentina and France start World Cup quests,Sports Special,,https://www.thedailystar.net/sports/sports-special/fifa-world-cup-2026/news/heavyweights-argentina-and-france-start-world-cup-quests-4200201
Tunisia appoint Renard after sacking Lamouchi,Sports Special,,https://www.thedailystar.net/sports/sports-special/fifa-world-cup-2026/news/tunisia-appoint-renard-after-sacking-lamouchi-4200161
Neymar to miss all group-stage matches?,Sports Special,,https://www.thedailystar.net/sports/sports-special/fifa-world-cup-2026/news/neymar-miss-all-group-stage-matches-4200116
Iran 'most oppressed team in whole World Cup',Sports Special,,https://www.thedailystar.net/sports/sports-special/fifa-world-cup-2026/news/iran-most-oppressed-team-whole-world-cup-4200061
Iran draw 2-2 with New Zealand in politically charged World Cup clash,Sports Special,,https://www.thedailystar.net/sports/sports-special/fifa-world-cup-2026/news/iran-fight-back-draw-2-2-new-zealand-4200046
Without their '12th Man': Senegal chase World Cup dream amid visa barriers,Sports Special,,https://www.thedailystar.net/sports/sports-special/fifa-world-cup-2026/news/without-their-12th-man-senegal-chase-world-cup-dream-amid-visa-barriers-4200011
Preserving paradise,Sports Special,,https://www.thedailystar.net/sports/sports-special/fifa-world-cup-2026/news/preserving-paradise-4199706
'Competitive animal' Messi set for sixth World Cup,Sports Special,,https://www.thedailystar.net/sports/sports-special/fifa-world-cup-2026/news/competitive-animal-messi-set-sixth-world-cup-4200006
Araujo equaliser saves Uruguay's blushes in draw with Saudis,Sports Special,,https://www.thedailystar.net/sports/sports-special/fifa-world-cup-2026/news/araujo-equaliser-saves-uruguays-blushes-draw-saudis-4199996
Football’s flow fractured?,Sports Special,,https://www.thedailystar.net/sports/sports-special/fifa-world-cup-2026/news/footballs-flow-fractured-4199671
Belgium fight back to draw with Egypt,Sports Special,,https://www.thedailystar.net/sports/sports-special/fifa-world-cup-2026/news/egypt-hold-belgium-1-1-draw-4199981
Ghosts of 2002 loom as favourites France face Senegal,Sports Special,,https://www.thedailystar.net/sports/sports-special/fifa-world-cup-2026/news/ghosts-2002-loom-favourites-france-face-senegal-4199971
"England ready to take final step at World Cup, says Saka",Sports Special,,https://www.thedailystar.net/sports/sports-special/fifa-world-cup-2026/news/england-ready-take-final-step-world-cup-says-saka-4199906
Cape Verde hero Vozinha sheds 'tears of resilience' after stopping Spain,Sports Special,,https://www.thedailystar.net/sports/sports-special/fifa-world-cup-2026/news/cape-verde-hero-vozinha-sheds-tears-resilience-after-stopping-spain-4199886
Cape Verde hero Vozinha 'overwhelmed with emotion',Sports Special,,https://www.thedailystar.net/sports/sports-special/fifa-world-cup-2026/news/cape-verde-hero-vozinha-overwhelmed-emotion-4199881
Officials to wear pink in World Cup match at Miami Gardens,Sports Special,,https://www.thedailystar.net/sports/sports-special/fifa-world-cup-2026/news/officials-wear-pink-world-cup-match-miami-gardens-4199866
World Cup debutants Cape Verde hold Spain to goalless draw,Sports Special,,https://www.thedailystar.net/sports/sports-special/fifa-world-cup-2026/news/world-cup-debutants-cape-verde-hold-spain-goalless-draw-4199751
Tuchel's 'Grade E' ref Turpin to take charge of England's World Cup opener,Sports Special,,https://www.thedailystar.net/sports/sports-special/fifa-world-cup-2026/news/tuchels-grade-e-ref-turpin-take-charge-englands-world-cup-opener-4199576
Tunisia coach Lamouchi sacked after 5-1 World Cup loss to Sweden,Sports Special,,https://www.thedailystar.net/sports/sports-special/fifa-world-cup-2026/news/tunisia-coach-lamouchi-sacked-after-5-1-world-cup-loss-sweden-4199571
"‘Situation back home affects the team, but we talk with our feet’",Sports Special,,https://www.thedailystar.net/sports/sports-special/fifa-world-cup-2026/news/situation-back-home-affects-the-team-we-talk-our-feet-4199556
Beyond 7-1 scoreline: Curacao find pride on football's biggest stage,Sports Special,,https://www.thedailystar.net/sports/sports-special/fifa-world-cup-2026/news/beyond-7-1-scoreline-curacao-find-pride-footballs-biggest-stage-4199531
"FIFA World Cup 2026: News, Analysis, Stats, Fixtures",Sports Special,"FIFA World Cup 2026: News, Analysis, Stats, Fixtures",https://www.thedailystar.net/sports/sports-special/fifa-world-cup-2026/news/fifa-world-cup-2026-news-analysis-stats-fixtures-4199526
Why Japan should be considered one of the favourites in the World Cup 2026,Sports Special,Why Japan should be considered one of the favourites in the World Cup 2026,https://www.thedailystar.net/sports/sports-special/fifa-world-cup-2026/news/why-japan-should-be-considered-one-the-favourites-the-world-cup-2026-4199511
"Yamal starts on bench for Spain, Cape Verde led by Mendes",Sports Special,,https://www.thedailystar.net/sports/sports-special/fifa-world-cup-2026/news/yamal-fit-will-not-start-spains-world-cup-opener-4199471
Belgium baby dilemma for father-to-be Doku,Sports Special,,https://www.thedailystar.net/sports/sports-special/fifa-world-cup-2026/news/belgium-baby-dilemma-father-be-doku-4199461
Cucurella becomes Spain's lone Madridista as Real sign ex-Barca graduate from Chelsea,Sports Special,,https://www.thedailystar.net/sports/sports-special/fifa-world-cup-2026/news/cucurella-becomes-spains-lone-madridista-real-sign-ex-barca-graduate-chelsea-4199316
Bangladesh quick Hasan delivers ‘world-class’ 9-101 on County debut,Cricket,,https://www.thedailystar.net/sports/cricket/news/bangladesh-quick-hasan-delivers-world-class-9-101-county-debut-4199261
"Morocco, Algeria and other WC teams blast UEFA chief over 'uninteresting' matches remark",Sports Special,,https://www.thedailystar.net/sports/sports-special/fifa-world-cup-2026/news/morocco-algeria-and-other-wc-teams-blast-uefa-chief-over-uninteresting-matches-remark-4199211
Can Spain conquer the world without a true No. 9?,Sports Special,,https://www.thedailystar.net/sports/sports-special/fifa-world-cup-2022/news/can-spain-conquer-the-world-without-true-no-9-4199161
Shoriful shows 'real hunger',Cricket,,https://www.thedailystar.net/sports/cricket/news/shoriful-shows-real-hunger-4199146
Sweden crush Tunisia 5-1 in World Cup opener,Sports Special,,https://www.thedailystar.net/sports/sports-special/fifa-world-cup-2026/news/sweden-crush-tunisia-5-1-world-cup-opener-4199136
Samba meets reality,Sports Special,,https://www.thedailystar.net/sports/sports-special/fifa-world-cup-2026/news/samba-meets-reality-4198686
Japan fans uphold tradition as they clean up stadium after Netherlands match,Sports Special,,https://www.thedailystar.net/sports/sports-special/fifa-world-cup-2026/news/japan-fans-uphold-tradition-they-clean-stadium-after-netherlands-match-4199091
Iran coach downplays 'hype' amid visa row and political tensions,Sports Special,,https://www.thedailystar.net/sports/sports-special/fifa-world-cup-2026/news/iran-coach-downplays-hype-amid-visa-row-and-political-tensions-4199086
Germany hit 239 to overtake Brazil on World Cup scoring list,Sports Special,,https://www.thedailystar.net/sports/sports-special/fifa-world-cup-2026/news/germany-hit-239-overtake-brazil-world-cup-scoring-list-4199081
Diallo scores 90th-minute winner as Ivory Coast edge Ecuador 1-0,Sports Special,,https://www.thedailystar.net/sports/sports-special/fifa-world-cup-2026/news/diallo-scores-90th-minute-winner-ivory-coast-edge-ecuador-1-0-4199076
Japan fight back to draw 2-2 with Netherlands in Texas thriller,Sports Special,,https://www.thedailystar.net/sports/sports-special/fifa-world-cup-2026/news/japan-fight-back-draw-2-2-netherlands-texas-thriller-4199071
Pakistan spiral under spin pressure as Deepti Sharma leads India to victory,Sports,,https://www.thedailystar.net/sports/womens-sports/news/pakistan-spiral-under-spin-pressure-deepti-sharma-leads-india-victory-4198986
Germany crush debutants Curacao 7-1 in Group E opener,Sports Special,,https://www.thedailystar.net/sports/sports-special/fifa-world-cup-2026/news/germany-crush-debutants-curacao-7-1-group-e-opener-4198981
India rout Pakistan at women's T20 World Cup,Cricket,,https://www.thedailystar.net/sports/cricket/news/india-rout-pakistan-womens-t20-world-cup-4198966
Iran squad get cheerful Tijuana send off ahead of World Cup opener in Los Angeles,Sports Special,,https://www.thedailystar.net/sports/sports-special/fifa-world-cup-2026/news/iran-squad-get-cheerful-tijuana-send-ahead-world-cup-opener-los-angeles-4198936
Hamilton claims his first Ferrari win at Barcelona Grand Prix,More Sports,,https://www.thedailystar.net/sports/more-sports/news/hamilton-claims-his-first-ferrari-win-barcelona-grand-prix-4198901
Bouaddi announces himself,Sports Special,,https://www.thedailystar.net/sports/sports-special/fifa-world-cup-2026/news/bouaddi-announces-himself-4198721
Juairiya repays faith with match-winning fifty,Sports,,https://www.thedailystar.net/sports/womens-sports/news/juairiya-repays-faith-match-winning-fifty-4198711
"Million voices, one shared passion",Sports Special,,https://www.thedailystar.net/sports/sports-special/fifa-world-cup-2026/news/million-voices-one-shared-passion-4198706
‘Brazil-Argentina fans consider a draw as a defeat’,Sports Special,,https://www.thedailystar.net/sports/sports-special/fifa-world-cup-2026/news/brazil-argentina-fans-consider-draw-defeat-4198681
Shoriful's six-for in vain as Connolly's maiden ton leads Australia to thrilling win,Cricket,,https://www.thedailystar.net/sports/cricket/news/shorifuls-six-vain-connollys-maiden-ton-leads-australia-thrilling-win-4198661
Juairiya stars as Tigresses clinch victory in T20 World Cup opener,Sports,,https://www.thedailystar.net/sports/womens-sports/news/juairiya-stars-tigresses-clinch-victory-t20-world-cup-opener-4198571
‘Vinicius is a genius’,Sports Special,,https://www.thedailystar.net/sports/sports-special/fifa-world-cup-2026/news/vinicius-genius-4198501
Tiny Curacao tackle Germany at World Cup as Iran arrive in US,Sports Special,,https://www.thedailystar.net/sports/sports-special/fifa-world-cup-2026/news/tiny-curacao-tackle-germany-world-cup-iran-arrive-us-4198441
Morocco’s teenage midfield gem announces himself on the biggest stage,Sports Special,,https://www.thedailystar.net/sports/sports-special/fifa-world-cup-2026/news/moroccos-teenage-midfield-gem-announces-himself-the-biggest-stage-4198371
Mancini leaves Al Sadd as Italy role beckons,Football,,https://www.thedailystar.net/sports/football/news/mancini-leaves-al-sadd-italy-role-beckons-4198366
Australia stun Turkey 2-0,Sports Special,,https://www.thedailystar.net/sports/sports-special/fifa-world-cup-2026/news/australia-stun-turkey-2-0-4198331
Conserve and conquer,Sports Special,,https://www.thedailystar.net/sports/sports-special/fifa-world-cup-2026/news/conserve-and-conquer-4197861
Tigresses look to ‘bring A-game’ in WC opener,Sports,,https://www.thedailystar.net/sports/womens-sports/news/tigresses-look-bring-game-wc-opener-4197821
"Women's T20 WC can co-exist with FIFA WC, says ICC chief",Cricket,,https://www.thedailystar.net/sports/cricket/news/womens-t20-wc-can-co-exist-fifa-wc-says-icc-chief-4198296
Connolly leads Australia recovery after Bangladesh strike early,Cricket,,https://www.thedailystar.net/sports/cricket/news/mahedi-shoriful-bangladesh-opt-bat-4198291
When history rhymes but tune changes,Sports Special,,https://www.thedailystar.net/sports/sports-special/fifa-world-cup-2026/news/when-history-rhymes-tune-changes-4197881
Outcry as cops assault nat’l cricketer,Cricket,,https://www.thedailystar.net/sports/cricket/news/outcry-cops-assault-natl-cricketer-4197896
McGinn gives Scotland win over Haiti on World Cup return,Sports Special,,https://www.thedailystar.net/sports/sports-special/fifa-world-cup-2026/news/mcginn-gives-scotland-win-over-haiti-world-cup-return-4198271
‘A brief technical outage’: VAR chaos rocks Qatar-Switzerland match,Sports Special,,https://www.thedailystar.net/sports/sports-special/fifa-world-cup-2026/news/brief-technical-outage-var-chaos-rocks-qatar-switzerland-match-4198266
'2006 to 2026': Messi's nostalgic look back as sixth World Cup beckons,Sports Special,'2006 to 2026': Messi's nostalgic look back as sixth World Cup beckons,https://www.thedailystar.net/sports/sports-special/fifa-world-cup-2026/news/2006-2026-messis-nostalgic-look-back-sixth-world-cup-beckons-4198256
'We cannot lose heart': Ancelotti urges patience after lacklustre Brazil performance,Sports Special,,https://www.thedailystar.net/sports/sports-special/fifa-world-cup-2026/news/we-cannot-lose-heart-ancelotti-urges-patience-after-lacklustre-brazil-performance-4198241
Vinicius salvages a draw but Morocco expose Brazil's flaws,Sports Special,,https://www.thedailystar.net/sports/sports-special/fifa-world-cup-2026/news/vinicius-salvages-draw-morocco-expose-brazils-flaws-4198236
Sloppy Brazil held by Morocco 1-1 in their World Cup opener,Sports Special,,https://www.thedailystar.net/sports/sports-special/fifa-world-cup-2026/news/brazil-and-morocco-draw-1-1-group-c-opener-4198216
'We have the right to dream',Sports Special,,https://www.thedailystar.net/sports/sports-special/fifa-world-cup-2026/news/we-have-the-right-dream-4198206
Qatar earn first ever World Cup point with late goal,Sports Special,,https://www.thedailystar.net/sports/sports-special/fifa-world-cup-2026/news/qatar-earn-first-ever-world-cup-point-late-goal-4198116
Driving the future: Why Bangladesh golf needs greater investment,More Sports,,https://www.thedailystar.net/sports/more-sports/golf/news/driving-the-future-why-bangladesh-golf-needs-greater-investment-4198096
"Gill, bowlers power India to win over Afghanistan in rain-hit ODI",Cricket,,https://www.thedailystar.net/sports/cricket/news/gill-bowlers-power-india-win-over-afghanistan-rain-hit-odi-4197996
SIXR to represent Bangladesh in Hua Hin Cricket Sixes,Cricket,,https://www.thedailystar.net/sports/cricket/news/sixr-represent-bangladesh-hua-hin-cricket-sixes-4197931
BFF appoints Gerard Jones as youth development coach,Football,,https://www.thedailystar.net/sports/football/news/bff-appoints-gerard-jones-youth-development-coach-4197916
Scotland's Tartan Army digs deep into pockets for World Cup return,Football,,https://www.thedailystar.net/sports/football/news/scotlands-tartan-army-digs-deep-pockets-world-cup-return-4197891
Can Morocco derail Brazil's Hexa quest?,Sports Special,,https://www.thedailystar.net/sports/sports-special/fifa-world-cup-2026/news/can-morocco-derail-brazils-hexa-quest-4197876
Pure passion in absentia,Sports Special,,https://www.thedailystar.net/sports/sports-special/fifa-world-cup-2026/news/pure-passion-absentia-4197836
Did you know: Brazil unbeaten for 88 years in World Cup openers,Sports Special,,https://www.thedailystar.net/sports/sports-special/fifa-world-cup-2026/news/did-you-know-brazil-unbeaten-88-years-world-cup-openers-4197801
Labuschagne looking to salvage pride in dead rubber,Cricket,,https://www.thedailystar.net/sports/cricket/news/labuschagne-looking-salvage-pride-dead-rubber-4197761
Ancelotti relishes ‘beautiful moment’ as Brazil aim for sixth crown,Sports Special,,https://www.thedailystar.net/sports/sports-special/fifa-world-cup-2026/news/ancelotti-relishes-beautiful-moment-brazil-aim-sixth-crown-4197746
World Cup 2026 new rules: VAR overturns yellow card after play restarts,Sports Special,World Cup 2026 new rules: VAR overturns yellow card after play restarts,https://www.thedailystar.net/sports/sports-special/fifa-world-cup-2026/news/world-cup-2026-new-rules-var-overturns-yellow-card-after-play-restarts-4197721
"To become a big team, success in ICC events is a must: Soumya",Cricket,,https://www.thedailystar.net/sports/cricket/news/become-big-team-success-icc-events-must-soumya-4197671
Vinicius Jr. takes center stage as Brazil begin campaign against Morocco,Sports Special,,https://www.thedailystar.net/sports/sports-special/fifa-world-cup-2026/news/vinicius-jr-takes-center-stage-brazil-begin-campaign-against-morocco-4197661
"Dembele defends Mbappe amid criticism, warns that Messi is 'still quite dangerous'",Sports Special,,https://www.thedailystar.net/sports/sports-special/fifa-world-cup-2026/news/dembele-defends-mbappe-amid-criticism-warns-messi-still-quite-dangerous-4197651
Net twice and chill: US star Balogun relaxed after brace,Sports Special,,https://www.thedailystar.net/sports/sports-special/fifa-world-cup-2026/news/net-twice-and-chill-us-star-balogun-relaxed-after-brace-4197606
US police probe theft of England training equipment,Sports Special,,https://www.thedailystar.net/sports/sports-special/fifa-world-cup-2026/news/us-police-probe-theft-england-training-equipment-4197591
"An Astronaut, movie stars and a knight: US brings glitz for WC opener",Sports Special,,https://www.thedailystar.net/sports/sports-special/fifa-world-cup-2026/news/astronaut-movie-stars-and-knight-us-brings-glitz-wc-opener-4197581
"BCB, CWAB and cricketers condemn harassment of Nayeem, demand action",Cricket,,https://www.thedailystar.net/sports/cricket/news/bcb-cwab-and-cricketers-condemn-harassment-nayeem-demand-action-4197576
‘We are coming at people’: Pacers lead the charge in pack mentality,Cricket,,https://www.thedailystar.net/sports/cricket/news/we-are-coming-people-pacers-lead-the-charge-pack-mentality-4197271
"USA launch World Cup with Paraguay rout, Canada snatch draw",Sports Special,,https://www.thedailystar.net/sports/sports-special/fifa-world-cup-2026/news/us-beat-paraguay-4-1-dream-start-world-cup-co-hosts-4197561
Players welcome 'step forward' after Wimbledon prize money increase,Tennis,,https://www.thedailystar.net/sports/more-sports/tennis/news/players-welcome-step-forward-after-wimbledon-prize-money-increase-4197521
‘Our World Cup begins tonight’,Sports Special,,https://www.thedailystar.net/sports/sports-special/fifa-world-cup-2026/news/our-world-cup-begins-tonight-4197281
World Cup begins in USA with Hollywood-style opening ceremony,Sports Special,,https://www.thedailystar.net/sports/sports-special/fifa-world-cup-2026/news/world-cup-begins-usa-hollywood-style-opening-ceremony-4197571
"Golf, games and parenting tips: How Haaland is preparing for World Cup opener",Sports Special,,https://www.thedailystar.net/sports/sports-special/fifa-world-cup-2026/news/golf-games-and-parenting-tips-how-haaland-preparing-world-cup-opener-4197321
The beautiful game under a heavy sky,Sports Special,,https://www.thedailystar.net/sports/sports-special/fifa-world-cup-2026/news/the-beautiful-game-under-heavy-sky-4197256
FIFA World Cup 2026 struggles to ignite US excitement,Sports Special,FIFA World Cup 2026 struggles to ignite US excitement,https://www.thedailystar.net/sports/sports-special/fifa-world-cup-2026/news/fifa-world-cup-2026-struggles-ignite-us-excitement-4197311
"Pele's 1958 World Cup winners' medal set to fetch £500,000",Football,,https://www.thedailystar.net/sports/football/news/peles-1958-world-cup-winners-medal-set-fetch-ps500000-4197261
Ronaldo 'very positive' as Portugal head for World Cup,Football,,https://www.thedailystar.net/sports/football/news/ronaldo-very-positive-portugal-head-world-cup-4197221
USA '94: The summer of glory and grief,Sports Special,,https://www.thedailystar.net/sports/sports-special/fifa-world-cup-2026/news/usa-94-the-summer-glory-and-grief-4197211
Mohammedan down Abahani to end 17-year wait for DPL crown,Cricket,,https://www.thedailystar.net/sports/cricket/news/mohammedan-down-abahani-end-17-year-wait-dpl-crown-4197181
Miraz released from hospital as Tigers stay unchanged for 3rd Australia ODI,Cricket,,https://www.thedailystar.net/sports/cricket/news/miraz-released-hospital-tigers-stay-unchanged-3rd-australia-odi-4197131
New Zealand great Kane Williamson retires from international cricket,Cricket,,https://www.thedailystar.net/sports/cricket/news/new-zealand-great-kane-williamson-retires-international-cricket-4197126
The midnight shift: When to catch Brazil and Argentina in action,Sports Special,,https://www.thedailystar.net/sports/sports-special/fifa-world-cup-2026/news/the-midnight-shift-when-catch-brazil-and-argentina-action-4197111
Fans blame ticket price hike for empty seats at S Korea-Czechia match,Sports Special,,https://www.thedailystar.net/sports/sports-special/fifa-world-cup-2026/news/fans-blame-ticket-price-hike-empty-seats-s-korea-czechia-match-4197101
Australia’s African diaspora driving the Socceroos forward,Football,,https://www.thedailystar.net/sports/football/news/australias-african-diaspora-driving-the-socceroos-forward-4197056
ICC Women’s T20 World Cup 2026: All you need to know,Cricket,ICC Women’s T20 World Cup 2026: All you need to know,https://www.thedailystar.net/sports/cricket/news/icc-womens-t20-world-cup-2026-all-you-need-know-4197041
"South Korea's beauty, backed by fighting spirit, triumphs over Czech set-piece beasts",Sports Special,,https://www.thedailystar.net/sports/sports-special/fifa-world-cup-2026/news/south-koreas-beauty-backed-fighting-spirit-triumphs-over-czech-set-piece-beasts-4197036
"We paid, they buffered",Sports Special,,https://www.thedailystar.net/sports/sports-special/fifa-world-cup-2026/news/we-paid-they-buffered-4197021
"USA, Canada take centre stage on day two",Sports Special,,https://www.thedailystar.net/sports/sports-special/fifa-world-cup-2026/news/usa-canada-take-centre-stage-day-two-4197001
‘Bangladesh could follow Canada’s success’,Sports Special,,https://www.thedailystar.net/sports/sports-special/fifa-world-cup-2026/news/bangladesh-could-follow-canadas-success-4196561
"Julian Quinones, 'more prolific than Ronaldo', creates a piece of history",Sports Special,,https://www.thedailystar.net/sports/sports-special/fifa-world-cup-2026/news/julian-quinones-more-prolific-ronaldo-creates-piece-history-4196986
South Korea snatch 2-1 win over Czech Republic,Sports Special,,https://www.thedailystar.net/sports/sports-special/fifa-world-cup-2026/news/south-korea-snatch-2-1-win-over-czech-republic-4196976
"'The sky's the limit', says Mexico's Lira after win in World Cup opener",Sports Special,,https://www.thedailystar.net/sports/sports-special/fifa-world-cup-2026/news/the-skys-the-limit-says-mexicos-lira-after-win-world-cup-opener-4196966
"Japan captain Endo out of World Cup, ends international career",Sports Special,,https://www.thedailystar.net/sports/sports-special/fifa-world-cup-2026/news/japan-captain-endo-out-world-cup-ends-international-career-4196951
Tigresses still chasing World Cup relevance,Cricket,,https://www.thedailystar.net/sports/cricket/news/tigresses-still-chasing-world-cup-relevance-4196621
‘No more paddy fields’: Taskin’s pride at win on sporting wickets,Cricket,,https://www.thedailystar.net/sports/cricket/news/no-more-paddy-fields-taskins-pride-win-sporting-wickets-4196631
"Glitz, glamour, and red cards: World Cup opener in pictures",Sports Special,,https://www.thedailystar.net/sports/sports-special/fifa-world-cup-2026/news/glitz-glamour-and-red-cards-world-cup-opener-pictures-4196851
Co-hosts Mexico kick off World Cup with dramatic victory over South Africa,Sports Special,,https://www.thedailystar.net/sports/sports-special/fifa-world-cup-2026/news/mexico-beat-south-africa-2-0-world-cup-opening-game-4196841
Why Real Madrid are gambling on Mourinho return,Football,,https://www.thedailystar.net/sports/football/news/why-real-madrid-are-gambling-mourinho-return-4196826
Shakira and Burna Boy warm up spectators in World Cup opening ceremony,Sports Special,,https://www.thedailystar.net/sports/sports-special/fifa-world-cup-2026/news/shakira-and-burna-boy-warm-spectators-world-cup-opening-ceremony-4196816
Real Madrid turn to Mourinho in bid to bring stability and end trophy drought,Football,,https://www.thedailystar.net/sports/football/news/real-madrid-turn-mourinho-bid-bring-stability-and-end-trophy-drought-4196806
"Mexico to open World Cup amid passion, parties and protests",Sports Special,,https://www.thedailystar.net/sports/sports-special/fifa-world-cup-2026/news/mexico-open-world-cup-amid-passion-parties-and-protests-4196691
Three teams in contention as DPL title race goes to the wire,Cricket,,https://www.thedailystar.net/sports/cricket/news/three-teams-contention-dpl-title-race-goes-the-wire-4196616
"'Chill, Relax': Infantino defends FIFA over World Cup visa issues",Sports Special,,https://www.thedailystar.net/sports/sports-special/fifa-world-cup-2026/news/chill-relax-infantino-defends-fifa-over-world-cup-visa-issues-4196511
Aguirre relives 1986 memories as Mexico prepare for World Cup opener,Sports Special,,https://www.thedailystar.net/sports/sports-special/fifa-world-cup-2026/news/aguirre-relives-1986-memories-mexico-prepare-world-cup-opener-4196416
Miraz rested as Robiul earns maiden Test call-up for Zimbabwe tour,Cricket,,https://www.thedailystar.net/sports/cricket/news/miraz-rested-robiul-earns-maiden-test-call-zimbabwe-tour-4196406
Hridoy named T20I vice-captain as Bangladesh announce squad for Australia series,Cricket,,https://www.thedailystar.net/sports/cricket/news/hridoy-named-t20i-vice-captain-bangladesh-announce-squad-australia-series-4196351
FIFA World Cup 2026: Key facts and stats,Sports Special,FIFA World Cup 2026: Key facts and stats,https://www.thedailystar.net/sports/sports-special/fifa-world-cup-2026/news/fifa-world-cup-2026-key-facts-and-stats-4196296
South Africa brace for Azteca test against Mexico in WC opener,Sports Special,,https://www.thedailystar.net/sports/sports-special/fifa-world-cup-2026/news/south-africa-brace-azteca-test-against-mexico-wc-opener-4196181
Protesters back at Mexico's Azteca stadium on eve of World Cup,Sports Special,,https://www.thedailystar.net/sports/sports-special/fifa-world-cup-2026/news/protesters-back-mexicos-azteca-stadium-eve-world-cup-4196231
"Separate opening ceremonies: Date, Bangladesh time, performers",Sports Special,,https://www.thedailystar.net/sports/sports-special/fifa-world-cup-2026/news/separate-opening-ceremonies-date-bangladesh-time-performers-4196166
Iran's World Cup super fans excited for football despite the war,Sports Special,,https://www.thedailystar.net/sports/sports-special/fifa-world-cup-2026/news/irans-world-cup-super-fans-excited-football-despite-the-war-4196161
3 wickets for 0 runs: Bangladesh force Australia into an embarrassing ODI first,Cricket,,https://www.thedailystar.net/sports/cricket/news/3-wickets-0-runs-bangladesh-force-australia-embarrassing-odi-first-4196116
Bangladesh down Australia in 2nd ODI to script historic series win,Cricket,,https://www.thedailystar.net/sports/cricket/news/tigers-bowl-first-4196041
Bangladesh vs Australia 2nd ODI: Here's what's at stake,Cricket,,https://www.thedailystar.net/sports/cricket/news/bangladesh-vs-australia-2nd-odi-heres-whats-stake-4196031
"FIFA boss Infantino defends World Cup ticket prices, brushes off visa row",Sports Special,,https://www.thedailystar.net/sports/sports-special/fifa-world-cup-2026/news/fifa-boss-infantino-defends-world-cup-ticket-prices-brushes-visa-row-4196021
Portugal beat Nigeria in World Cup tune-up despite Ronaldo woes,Sports Special,,https://www.thedailystar.net/sports/sports-special/fifa-world-cup-2026/news/portugal-beat-nigeria-world-cup-tune-despite-ronaldo-woes-4196016
"And so, the World Cup begins",Sports Special,,https://www.thedailystar.net/sports/sports-special/fifa-world-cup-2026/news/and-so-the-world-cup-begins-4195906
Haiti forced to change World Cup kit over war imagery,Sports Special,,https://www.thedailystar.net/sports/sports-special/fifa-world-cup-2026/news/haiti-forced-change-world-cup-kit-over-war-imagery-4196001
"Immigration, border policy testing USA's credentials as World Cup host",Sports Special,,https://www.thedailystar.net/sports/sports-special/fifa-world-cup-2026/news/immigration-border-policy-testing-usas-credentials-world-cup-host-4195991
Brazil players treat coach Ancelotti to birthday guard of honour in training,Sports Special,,https://www.thedailystar.net/sports/sports-special/fifa-world-cup-2026/news/brazil-players-treat-coach-ancelotti-birthday-guard-honour-training-4195896
Rana turns heads as Tigers ready for the kill,Cricket,,https://www.thedailystar.net/sports/cricket/news/rana-turns-heads-tigers-ready-the-kill-4195696
The greatest show on earth kicks off tonight,Sports Special,,https://www.thedailystar.net/sports/sports-special/fifa-world-cup-2026/news/the-greatest-show-earth-kicks-tonight-4195846
Thriving in purgatory: The state of football’s most romanticised formation,Sports Special,,https://www.thedailystar.net/sports/sports-special/fifa-world-cup-2026/news/thriving-purgatory-the-state-footballs-most-romanticised-formation-4195856
Swansong of the ultimate rivalry,Sports Special,,https://www.thedailystar.net/sports/sports-special/fifa-world-cup-2026/news/swansong-the-ultimate-rivalry-4195871
The prodigy who refused to wait,Sports Special,,https://www.thedailystar.net/sports/sports-special/fifa-world-cup-2026/news/the-prodigy-who-refused-wait-4195886
"Sleepless, sonic summer of ’26",Sports Special,,https://www.thedailystar.net/sports/sports-special/fifa-world-cup-2026/news/sleepless-sonic-summer-26-4195891
"Mushfiqur, Taijul nominated for ICC Player of the Month",Cricket,,https://www.thedailystar.net/sports/cricket/news/mushfiqur-taijul-nominated-icc-player-the-month-4195601
Iran threatens to stop World Cup games if faced with unauthorised flags or slogans,Sports Special,,https://www.thedailystar.net/sports/sports-special/fifa-world-cup-2026/news/iran-threatens-stop-world-cup-games-if-faced-unauthorised-flags-or-slogans-4195516
"Stokes, Atkinson dropped from 2nd Test following nightclub incident",Cricket,,https://www.thedailystar.net/sports/cricket/news/stokes-atkinson-dropped-2nd-test-following-nightclub-incident-4195506
UN calls for US immigration 're-think' for World Cup,Sports Special,,https://www.thedailystar.net/sports/sports-special/fifa-world-cup-2026/news/un-calls-us-immigration-re-think-world-cup-4195481
Ritu Porna Chakma's mother thanks PM for donation to build house,Sports,,https://www.thedailystar.net/sports/news/ritu-porna-chakmas-mother-thanks-pm-donation-build-house-4195466
Gascoigne urges England to replicate 1990 spirit at World Cup,Sports Special,,https://www.thedailystar.net/sports/sports-special/fifa-world-cup-2026/news/gascoigne-urges-england-replicate-1990-spirit-world-cup-4195456
"I'll be at next World Cup, says Somali referee barred from US",Sports Special,,https://www.thedailystar.net/sports/sports-special/fifa-world-cup-2026/news/ill-be-next-world-cup-says-somali-referee-barred-us-4195311
A 96-year wait: Can a foreign coach finally win the World Cup?,Sports Special,,https://www.thedailystar.net/sports/sports-special/fifa-world-cup-2026/news/96-year-wait-can-foreign-coach-finally-win-the-world-cup-4195326
A kiss eight years in the making,Sports Special,,https://www.thedailystar.net/sports/sports-special/fifa-world-cup-2026/news/kiss-eight-years-the-making-4195276
"White House World Cup chief defends visa ban for Somali referee, Iranians",Sports Special,,https://www.thedailystar.net/sports/sports-special/fifa-world-cup-2026/news/white-house-world-cup-chief-defends-visa-ban-somali-referee-iranians-4195236
FIFA chief warns LA of World Cup 'happy barbarians',Sports Special,,https://www.thedailystar.net/sports/sports-special/fifa-world-cup-2026/news/fifa-chief-warns-la-world-cup-happy-barbarians-4195201
"Saka injury will need to be managed at World Cup, says Tuchel",Sports Special,,https://www.thedailystar.net/sports/sports-special/fifa-world-cup-2026/news/saka-injury-will-need-be-managed-world-cup-says-tuchel-4195166
Real's 150 mn euros bid for Julian Alvarez rejected,Football,,https://www.thedailystar.net/sports/football/news/reals-150-mn-euros-bid-julian-alvarez-rejected-4195151
Joty remains upbeat despite warm-up defeats,Cricket,,https://www.thedailystar.net/sports/cricket/news/joty-remains-upbeat-despite-warm-defeats-4195131
‘We just weren’t able to keep him out of the game’: Carey on Rana,Cricket,,https://www.thedailystar.net/sports/cricket/news/we-just-werent-able-keep-him-out-the-game-carey-rana-4195116
'I'm here feeling like a kid': Neymar on his final World Cup,Sports Special,,https://www.thedailystar.net/sports/sports-special/fifa-world-cup-2026/news/im-here-feeling-kid-neymar-his-final-world-cup-4195111
Messi scores on injury return as Argentina cruise past Iceland 3-0,Sports Special,,https://www.thedailystar.net/sports/sports-special/fifa-world-cup-2026/news/messi-scores-injury-return-argentina-cruise-past-iceland-3-0-4195106
Tigresses fall short in Ireland chase despite Juairiya's fluent 50,Cricket,,https://www.thedailystar.net/sports/cricket/news/tigresses-fall-short-ireland-chase-despite-juairiyas-fluent-50-4194966
Real Madrid confirm Arbeloa's departure,Football,,https://www.thedailystar.net/sports/football/news/real-madrid-confirm-arbeloas-departure-4194956
Role clarity spurs Mosaddek’s rebirth,Cricket,,https://www.thedailystar.net/sports/cricket/news/role-clarity-spurs-mosaddeks-rebirth-4194686
Iran to travel to US day before its first WC match,Football,,https://www.thedailystar.net/sports/football/news/iran-travel-us-day-its-first-wc-match-4194716
"FIFA World Cup 2026 in numbers: Key statistical goals, titles and age records",Sports Special,"FIFA World Cup 2026 in numbers: Key statistical goals, titles and age records",https://www.thedailystar.net/sports/sports-special/fifa-world-cup-2026/news/fifa-world-cup-2026-numbers-key-statistical-goals-titles-and-age-records-4194711
‘Playing county cricket is a dream come true’,Cricket,,https://www.thedailystar.net/sports/cricket/news/playing-county-cricket-dream-come-true-4194541
All-Brazilian line-up to referee opening game at World Cup,Sports Special,,https://www.thedailystar.net/sports/sports-special/fifa-world-cup-2026/news/all-brazilian-line-referee-opening-game-world-cup-4194476
‘Huge opportunity’ to end Australia ODI hoodoo,Cricket,,https://www.thedailystar.net/sports/cricket/news/huge-opportunity-end-australia-odi-hoodoo-4194446
Iran says US revoked World Cup ticket allocation for supporters,Sports Special,,https://www.thedailystar.net/sports/sports-special/fifa-world-cup-2026/news/iran-says-us-revoked-world-cup-ticket-allocation-supporters-4194426
Andy Robertson carries Jota's dream to World Cup,Sports Special,,https://www.thedailystar.net/sports/sports-special/fifa-world-cup-2026/news/andy-robertson-carries-jotas-dream-world-cup-4194391
"Mosaddek's dream return, Nahid's pace storm hand Tigers emphatic win over Australia",Cricket,,https://www.thedailystar.net/sports/cricket/news/tanzid-falls-after-brisk-half-century-4194356
Three-team DPL title race tightens,Cricket,,https://www.thedailystar.net/sports/cricket/news/three-team-dpl-title-race-tightens-4194321
Mosaddek returns as Australia opt to bowl in Mirpur ODI opener,Cricket,,https://www.thedailystar.net/sports/cricket/news/australia-opt-bowl-first-odi-against-bangladesh-4194306
Spain beat Peru 3-1 in friendly as World Cup fever grips Puebla,Sports Special,,https://www.thedailystar.net/sports/sports-special/fifa-world-cup-2026/news/spain-beat-peru-3-1-friendly-world-cup-fever-grips-puebla-4194286
Neymar 'recovering well' after injury ahead of World Cup opener,Sports Special,,https://www.thedailystar.net/sports/sports-special/fifa-world-cup-2026/news/neymar-recovering-well-after-injury-ahead-world-cup-opener-4194261
"BCB polls: Legality intact, legitimacy questioned",Cricket,,https://www.thedailystar.net/sports/cricket/news/bcb-polls-legality-intact-legitimacy-questioned-4194256
Stokes faces uncertain future as England captain after nightclub incident,Cricket,,https://www.thedailystar.net/sports/cricket/news/stokes-faces-uncertain-future-england-captain-after-nightclub-incident-4194251
"Give Brazil the respect we deserve, says World Cup star Guimaraes",Sports Special,,https://www.thedailystar.net/sports/sports-special/fifa-world-cup-2026/news/give-brazil-the-respect-we-deserve-says-world-cup-star-guimaraes-4194096
Somali referee denied entry to US for World Cup,Sports Special,,https://www.thedailystar.net/sports/sports-special/fifa-world-cup-2026/news/somali-referee-denied-entry-us-world-cup-4193836
Liverpool's Konate to join Real Madrid until 2030,Football,,https://www.thedailystar.net/sports/football/news/liverpools-konate-join-real-madrid-until-2030-4193821
Zakir ton powers Emerging team to emphatic win over Zimbabwe A,Cricket,,https://www.thedailystar.net/sports/cricket/news/zakir-ton-powers-emerging-team-emphatic-win-over-zimbabwe-4193806
Women's hockey receives further BRAC Bank boost,More Sports,,https://www.thedailystar.net/sports/more-sports/news/womens-hockey-receives-further-brac-bank-boost-4193801
Shakrul quits BCB board a day after election,Cricket,,https://www.thedailystar.net/sports/cricket/news/shakrul-quits-bcb-board-day-after-election-4193776
England coach McCullum 'hopeful' Archer available for second Test,Cricket,,https://www.thedailystar.net/sports/cricket/news/england-coach-mccullum-hopeful-archer-available-second-test-4193766
'We'll find out after the series': Inglis on Bangladesh's pace prowess,Cricket,,https://www.thedailystar.net/sports/cricket/news/well-find-out-after-the-series-inglis-bangladeshs-pace-prowess-4193701
Suthar stars on debut as India crush Afghanistan in biggest Test victory,Cricket,,https://www.thedailystar.net/sports/cricket/news/india-crush-afghanistan-innings-and-300-runs-one-test-4193586
‘Roles are different’: Miraz addresses Mosaddek question before Australia opener,Cricket,,https://www.thedailystar.net/sports/cricket/news/roles-are-different-miraz-addresses-mosaddek-question-australia-opener-4193576
When football took a back seat,Football,,https://www.thedailystar.net/sports/football/news/when-football-took-back-seat-4193571
Sohan rewrites List A record books with 45-ball century,Cricket,,https://www.thedailystar.net/sports/cricket/news/sohan-rewrites-list-record-books-45-ball-century-4193506
World Cup star 'really sorry' after missing daughter's birth,Sports Special,,https://www.thedailystar.net/sports/sports-special/fifa-world-cup-2026/news/world-cup-star-really-sorry-after-missing-daughters-birth-4193456
Group D preview: Home pressure on USA as rivals eye upset,Sports Special,,https://www.thedailystar.net/sports/sports-special/fifa-world-cup-2026/news/group-d-preview-home-pressure-usa-rivals-eye-upset-4193426
The king’s farewell,Sports Special,,https://www.thedailystar.net/sports/sports-special/fifa-world-cup-2026/news/the-kings-farewell-4192976
'Lack of fair play': Iran fans dismayed by team's World Cup visa quarrel,Sports Special,,https://www.thedailystar.net/sports/sports-special/fifa-world-cup-2026/news/lack-fair-play-iran-fans-dismayed-teams-world-cup-visa-quarrel-4193376
Nine injured in shooting near England's World Cup base camp,Sports Special,,https://www.thedailystar.net/sports/sports-special/fifa-world-cup-2026/news/nine-injured-shooting-near-englands-world-cup-base-camp-4193361
"Pace or spin, onus on batters  to meet the challenge",Cricket,,https://www.thedailystar.net/sports/cricket/news/pace-or-spin-onus-batters-meet-the-challenge-4192951
Marsh and Head out of Bangladesh ODI series,Cricket,,https://www.thedailystar.net/sports/cricket/news/marsh-and-head-out-bangladesh-odi-series-4193351
Level playing field and the science behind it,Sports Special,,https://www.thedailystar.net/sports/sports-special/fifa-world-cup-2026/news/level-playing-field-and-the-science-behind-it-4192946
Eriksen 'doing well' after collapsing during friendly,Football,,https://www.thedailystar.net/sports/football/news/denmarks-eriksen-collapses-during-friendly-against-ukraine-4193236
Zverev ends wait for Grand Slam title with French Open triumph,Tennis,,https://www.thedailystar.net/sports/more-sports/tennis/news/zverev-ends-wait-grand-slam-title-french-open-triumph-4193171
"Brazil lose injured Wesley from World Cup squad, call up Ederson",Football,,https://www.thedailystar.net/sports/football/news/brazil-lose-injured-wesley-world-cup-squad-call-ederson-4193051
Stokes says Lord's pitch 'not ideal' as England hammer New Zealand,Cricket,,https://www.thedailystar.net/sports/cricket/news/stokes-says-lords-pitch-not-ideal-england-hammer-new-zealand-4192971
